variant,fold,k,station,W_tr,W_te,T_s_stored,Tn,ratio_asrun,ratio_norm,share,viol_asrun_flag,viol_norm_flag,train_viol_flag
temporal,0,1,GARE4,1904.0,2105.0,1904.0,1648,1.1056,1.2773,0.17571,1,1,0
temporal,0,1,GARE5,1893.0,2464.0,1904.0,1648,1.2941,1.4951,0.20568,1,1,0
temporal,0,1,GARE6,1867.0,1610.0,1904.0,1648,0.8456,0.9769,0.13439,0,0,0
temporal,0,1,GARE7,1896.0,1366.0,1904.0,1648,0.7174,0.8289,0.11402,0,0,0
temporal,0,1,GARE8,1501.0,1089.0,1904.0,1648,0.572,0.6608,0.0909,0,0,0
temporal,0,1,GARE9,1318.0,774.0,1904.0,1648,0.4065,0.4697,0.06461,0,0,0
temporal,0,1,GARE10,1561.0,1126.0,1904.0,1648,0.5914,0.6833,0.09399,0,0,0
temporal,0,1,GARE11,1902.0,1446.0,1904.0,1648,0.7595,0.8774,0.1207,0,0,0
temporal,0,2,GARE4,1653.0,1184.0,1904.0,1648,0.6218,0.7184,0.09883,0,0,0
temporal,0,2,GARE5,1901.0,1360.0,1904.0,1648,0.7143,0.8252,0.11352,0,0,0
temporal,0,2,GARE6,1874.0,2417.0,1904.0,1648,1.2694,1.4666,0.20175,1,1,0
temporal,0,2,GARE7,1904.0,2289.0,1904.0,1648,1.2022,1.389,0.19107,1,1,0
temporal,0,2,GARE8,1339.0,828.0,1904.0,1648,0.4349,0.5024,0.06912,0,0,0
temporal,0,2,GARE9,1896.0,1562.0,1904.0,1648,0.8204,0.9478,0.13038,0,0,0
temporal,0,2,GARE10,1371.0,841.0,1904.0,1648,0.4417,0.5103,0.0702,0,0,0
temporal,0,2,GARE11,1904.0,1499.0,1904.0,1648,0.7873,0.9096,0.12513,0,0,0
temporal,0,3,GARE4,1618.0,1441.0,1904.0,1648,0.7568,0.8744,0.12028,0,0,0
temporal,0,3,GARE5,1904.0,1754.0,1904.0,1648,0.9212,1.0643,0.14641,0,1,0
temporal,0,3,GARE6,1853.0,2566.0,1904.0,1648,1.3477,1.557,0.21419,1,1,0
temporal,0,3,GARE7,1898.0,1292.0,1904.0,1648,0.6786,0.784,0.10785,0,0,0
temporal,0,3,GARE8,1506.0,976.0,1904.0,1648,0.5126,0.5922,0.08147,0,0,0
temporal,0,3,GARE9,1880.0,1548.0,1904.0,1648,0.813,0.9393,0.12922,0,0,0
temporal,0,3,GARE10,1888.0,1594.0,1904.0,1648,0.8372,0.9672,0.13306,0,0,0
temporal,0,3,GARE11,1295.0,809.0,1904.0,1648,0.4249,0.4909,0.06753,0,0,0
temporal,0,4,GARE4,1583.0,1171.0,1904.0,1648,0.615,0.7106,0.09775,0,0,0
temporal,0,4,GARE5,1871.0,1433.0,1904.0,1648,0.7526,0.8695,0.11962,0,0,0
temporal,0,4,GARE6,1894.0,1618.0,1904.0,1648,0.8498,0.9818,0.13506,0,0,0
temporal,0,4,GARE7,1699.0,1241.0,1904.0,1648,0.6518,0.753,0.10359,0,0,0
temporal,0,4,GARE8,1745.0,2109.0,1904.0,1648,1.1077,1.2797,0.17604,1,1,0
temporal,0,4,GARE9,1857.0,2179.0,1904.0,1648,1.1444,1.3222,0.18189,1,1,0
temporal,0,4,GARE10,1289.0,827.0,1904.0,1648,0.4343,0.5018,0.06903,0,0,0
temporal,0,4,GARE11,1904.0,1402.0,1904.0,1648,0.7363,0.8507,0.11703,0,0,0
temporal,0,6,GARE4,1563.0,1084.0,1904.0,1648,0.5693,0.6578,0.09048,0,0,0
temporal,0,6,GARE5,1791.0,1415.0,1904.0,1648,0.7432,0.8586,0.11811,0,0,0
temporal,0,6,GARE6,1769.0,1638.0,1904.0,1648,0.8603,0.9939,0.13673,0,0,0
temporal,0,6,GARE7,1803.0,1489.0,1904.0,1648,0.782,0.9035,0.12429,0,0,0
temporal,0,6,GARE8,1503.0,1144.0,1904.0,1648,0.6008,0.6942,0.09549,0,0,0
temporal,0,6,GARE9,1778.0,1276.0,1904.0,1648,0.6702,0.7743,0.10651,0,0,0
temporal,0,6,GARE10,1819.0,2458.0,1904.0,1648,1.291,1.4915,0.20518,1,1,0
temporal,0,6,GARE11,1816.0,1476.0,1904.0,1648,0.7752,0.8956,0.12321,0,0,0
temporal,1,1,GARE4,2148.0,1110.0,2212.0,1339,0.5018,0.829,0.11401,0,0,0
temporal,1,1,GARE5,2212.0,1937.0,2212.0,1339,0.8757,1.4466,0.19895,0,1,0
temporal,1,1,GARE6,2209.0,1074.0,2212.0,1339,0.4855,0.8021,0.11031,0,0,0
temporal,1,1,GARE7,1275.0,441.0,2212.0,1339,0.1994,0.3294,0.0453,0,0,0
temporal,1,1,GARE8,2212.0,1124.0,2212.0,1339,0.5081,0.8394,0.11545,0,0,0
temporal,1,1,GARE9,1648.0,749.0,2212.0,1339,0.3386,0.5594,0.07693,0,0,0
temporal,1,1,GARE10,2171.0,1038.0,2212.0,1339,0.4693,0.7752,0.10661,0,0,0
temporal,1,1,GARE11,2211.0,2263.0,2212.0,1339,1.0231,1.6901,0.23244,1,1,0
temporal,1,2,GARE4,2093.0,975.0,2212.0,1339,0.4408,0.7282,0.10014,0,0,0
temporal,1,2,GARE5,1264.0,557.0,2212.0,1339,0.2518,0.416,0.05721,0,0,0
temporal,1,2,GARE6,2135.0,942.0,2212.0,1339,0.4259,0.7035,0.09675,0,0,0
temporal,1,2,GARE7,2160.0,1771.0,2212.0,1339,0.8006,1.3226,0.1819,0,1,0
temporal,1,2,GARE8,2211.0,1249.0,2212.0,1339,0.5646,0.9328,0.12829,0,0,0
temporal,1,2,GARE9,2140.0,2051.0,2212.0,1339,0.9272,1.5317,0.21066,0,1,0
temporal,1,2,GARE10,2187.0,1026.0,2212.0,1339,0.4638,0.7662,0.10538,0,0,0
temporal,1,2,GARE11,1896.0,1165.0,2212.0,1339,0.5267,0.8701,0.11966,0,0,0
temporal,1,3,GARE4,2211.0,1251.0,2212.0,1339,0.5656,0.9343,0.12849,0,0,0
temporal,1,3,GARE5,1787.0,1252.0,2212.0,1339,0.566,0.935,0.12859,0,0,0
temporal,1,3,GARE6,1969.0,942.0,2212.0,1339,0.4259,0.7035,0.09675,0,0,0
temporal,1,3,GARE7,2209.0,1275.0,2212.0,1339,0.5764,0.9522,0.13096,0,0,0
temporal,1,3,GARE8,1369.0,758.0,2212.0,1339,0.3427,0.5661,0.07786,0,0,0
temporal,1,3,GARE9,2205.0,2090.0,2212.0,1339,0.9448,1.5609,0.21467,0,1,0
temporal,1,3,GARE10,2196.0,1087.0,2212.0,1339,0.4914,0.8118,0.11165,0,0,0
temporal,1,3,GARE11,2140.0,1081.0,2212.0,1339,0.4887,0.8073,0.11103,0,0,0
temporal,1,4,GARE4,2204.0,2213.0,2212.0,1339,1.0005,1.6527,0.2273,1,1,0
temporal,1,4,GARE5,1950.0,960.0,2212.0,1339,0.434,0.717,0.0986,0,0,0
temporal,1,4,GARE6,2188.0,1204.0,2212.0,1339,0.5443,0.8992,0.12366,0,0,0
temporal,1,4,GARE7,2118.0,1318.0,2212.0,1339,0.5958,0.9843,0.13537,0,0,0
temporal,1,4,GARE8,2199.0,1429.0,2212.0,1339,0.646,1.0672,0.14677,0,1,0
temporal,1,4,GARE9,1927.0,1188.0,2212.0,1339,0.5371,0.8872,0.12202,0,0,0
temporal,1,4,GARE10,2197.0,958.0,2212.0,1339,0.4331,0.7155,0.0984,0,0,0
temporal,1,4,GARE11,1303.0,466.0,2212.0,1339,0.2107,0.348,0.04786,0,0,0
temporal,1,6,GARE4,1530.0,638.0,2212.0,1339,0.2884,0.4765,0.06553,0,0,0
temporal,1,6,GARE5,2175.0,1707.0,2212.0,1339,0.7717,1.2748,0.17533,0,1,0
temporal,1,6,GARE6,2135.0,1411.0,2212.0,1339,0.6379,1.0538,0.14493,0,1,0
temporal,1,6,GARE7,2055.0,958.0,2212.0,1339,0.4331,0.7155,0.0984,0,0,0
temporal,1,6,GARE8,2045.0,1023.0,2212.0,1339,0.4625,0.764,0.10507,0,0,0
temporal,1,6,GARE9,1809.0,1087.0,2212.0,1339,0.4914,0.8118,0.11165,0,0,0
temporal,1,6,GARE10,2152.0,990.0,2212.0,1339,0.4476,0.7394,0.10168,0,0,0
temporal,1,6,GARE11,2185.0,1922.0,2212.0,1339,0.8689,1.4354,0.19741,0,1,0
temporal,2,1,GARE4,2523.0,827.0,2529.0,1022,0.327,0.8092,0.11131,0,0,0
temporal,2,1,GARE5,2522.0,683.0,2529.0,1022,0.2701,0.6683,0.09192,0,0,0
temporal,2,1,GARE6,2206.0,860.0,2529.0,1022,0.3401,0.8415,0.11575,0,0,0
temporal,2,1,GARE7,2526.0,2195.0,2529.0,1022,0.8679,2.1477,0.29542,0,1,0
temporal,2,1,GARE8,2330.0,707.0,2529.0,1022,0.2796,0.6918,0.09515,0,0,0
temporal,2,1,GARE9,1393.0,411.0,2529.0,1022,0.1625,0.4022,0.05532,0,0,0
temporal,2,1,GARE10,2375.0,948.0,2529.0,1022,0.3749,0.9276,0.12759,0,0,0
temporal,2,1,GARE11,2517.0,799.0,2529.0,1022,0.3159,0.7818,0.10754,0,0,0
temporal,2,2,GARE4,2281.0,686.0,2529.0,1022,0.2713,0.6712,0.09233,0,0,0
temporal,2,2,GARE5,2446.0,977.0,2529.0,1022,0.3863,0.956,0.13149,0,0,0
temporal,2,2,GARE6,2523.0,726.0,2529.0,1022,0.2871,0.7104,0.09771,0,0,0
temporal,2,2,GARE7,1923.0,495.0,2529.0,1022,0.1957,0.4843,0.06662,0,0,0
temporal,2,2,GARE8,2495.0,1399.0,2529.0,1022,0.5532,1.3689,0.18829,0,1,0
temporal,2,2,GARE9,2285.0,640.0,2529.0,1022,0.2531,0.6262,0.08614,0,0,0
temporal,2,2,GARE10,1923.0,811.0,2529.0,1022,0.3207,0.7935,0.10915,0,0,0
temporal,2,2,GARE11,2516.0,1696.0,2529.0,1022,0.6706,1.6595,0.22826,0,1,0
temporal,2,3,GARE4,2529.0,747.0,2529.0,1022,0.2954,0.7309,0.10054,0,0,0
temporal,2,3,GARE5,1729.0,617.0,2529.0,1022,0.244,0.6037,0.08304,0,0,0
temporal,2,3,GARE6,1522.0,389.0,2529.0,1022,0.1538,0.3806,0.05236,0,0,0
temporal,2,3,GARE7,2524.0,1365.0,2529.0,1022,0.5397,1.3356,0.18371,0,1,0
temporal,2,3,GARE8,2524.0,885.0,2529.0,1022,0.3499,0.8659,0.11911,0,0,0
temporal,2,3,GARE9,2527.0,2104.0,2529.0,1022,0.8319,2.0587,0.28318,0,1,0
temporal,2,3,GARE10,2509.0,657.0,2529.0,1022,0.2598,0.6429,0.08843,0,0,0
temporal,2,3,GARE11,2528.0,666.0,2529.0,1022,0.2633,0.6517,0.08964,0,0,0
temporal,2,4,GARE4,2252.0,768.0,2529.0,1022,0.3037,0.7515,0.10336,0,0,0
temporal,2,4,GARE5,2523.0,1939.0,2529.0,1022,0.7667,1.8973,0.26097,0,1,0
temporal,2,4,GARE6,2389.0,713.0,2529.0,1022,0.2819,0.6977,0.09596,0,0,0
temporal,2,4,GARE7,2061.0,905.0,2529.0,1022,0.3578,0.8855,0.1218,0,0,0
temporal,2,4,GARE8,2071.0,554.0,2529.0,1022,0.2191,0.5421,0.07456,0,0,0
temporal,2,4,GARE9,2520.0,967.0,2529.0,1022,0.3824,0.9462,0.13015,0,0,0
temporal,2,4,GARE10,2052.0,513.0,2529.0,1022,0.2028,0.502,0.06904,0,0,0
temporal,2,4,GARE11,2524.0,1071.0,2529.0,1022,0.4235,1.0479,0.14415,0,1,0
temporal,2,6,GARE4,2230.0,755.0,2529.0,1022,0.2985,0.7387,0.10162,0,0,0
temporal,2,6,GARE5,2498.0,947.0,2529.0,1022,0.3745,0.9266,0.12746,0,0,0
temporal,2,6,GARE6,1819.0,532.0,2529.0,1022,0.2104,0.5205,0.0716,0,0,0
temporal,2,6,GARE7,2446.0,1159.0,2529.0,1022,0.4583,1.1341,0.15599,0,1,0
temporal,2,6,GARE8,2508.0,1087.0,2529.0,1022,0.4298,1.0636,0.1463,0,1,0
temporal,2,6,GARE9,1870.0,470.0,2529.0,1022,0.1858,0.4599,0.06326,0,0,0
temporal,2,6,GARE10,2516.0,696.0,2529.0,1022,0.2752,0.681,0.09367,0,0,0
temporal,2,6,GARE11,2505.0,1784.0,2529.0,1022,0.7054,1.7456,0.24011,0,1,0
temporal,3,1,GARE4,2829.0,415.0,2850.0,702,0.1456,0.5912,0.08139,0,0,0
temporal,3,1,GARE5,2850.0,403.0,2850.0,702,0.1414,0.5741,0.07904,0,0,0
temporal,3,1,GARE6,2672.0,881.0,2850.0,702,0.3091,1.255,0.17278,0,1,0
temporal,3,1,GARE7,2190.0,290.0,2850.0,702,0.1018,0.4131,0.05687,0,0,0
temporal,3,1,GARE8,2807.0,1353.0,2850.0,702,0.4747,1.9274,0.26535,0,1,0
temporal,3,1,GARE9,2547.0,475.0,2850.0,702,0.1667,0.6766,0.09316,0,0,0
temporal,3,1,GARE10,1984.0,154.0,2850.0,702,0.054,0.2194,0.0302,0,0,0
temporal,3,1,GARE11,2844.0,1128.0,2850.0,702,0.3958,1.6068,0.22122,0,1,0
temporal,3,2,GARE4,2190.0,562.0,2850.0,702,0.1972,0.8006,0.11022,0,0,0
temporal,3,2,GARE5,2411.0,600.0,2850.0,702,0.2105,0.8547,0.11767,0,0,0
temporal,3,2,GARE6,2835.0,565.0,2850.0,702,0.1982,0.8048,0.11081,0,0,0
temporal,3,2,GARE7,2237.0,302.0,2850.0,702,0.106,0.4302,0.05923,0,0,0
temporal,3,2,GARE8,2818.0,1658.0,2850.0,702,0.5818,2.3618,0.32516,0,1,0
temporal,3,2,GARE9,2798.0,604.0,2850.0,702,0.2119,0.8604,0.11845,0,0,0
temporal,3,2,GARE10,2654.0,356.0,2850.0,702,0.1249,0.5071,0.06982,0,0,0
temporal,3,2,GARE11,2780.0,452.0,2850.0,702,0.1586,0.6439,0.08864,0,0,0
temporal,3,3,GARE4,2417.0,299.0,2850.0,702,0.1049,0.4259,0.05864,0,0,0
temporal,3,3,GARE5,2386.0,311.0,2850.0,702,0.1091,0.443,0.06099,0,0,0
temporal,3,3,GARE6,2849.0,597.0,2850.0,702,0.2095,0.8504,0.11708,0,0,0
temporal,3,3,GARE7,2644.0,370.0,2850.0,702,0.1298,0.5271,0.07256,0,0,0
temporal,3,3,GARE8,2844.0,1516.0,2850.0,702,0.5319,2.1595,0.29731,0,1,0
temporal,3,3,GARE9,2846.0,660.0,2850.0,702,0.2316,0.9402,0.12944,0,0,0
temporal,3,3,GARE10,2850.0,1138.0,2850.0,702,0.3993,1.6211,0.22318,0,1,0
temporal,3,3,GARE11,1887.0,208.0,2850.0,702,0.073,0.2963,0.04079,0,0,0
temporal,3,4,GARE4,2832.0,1249.0,2850.0,702,0.4382,1.7792,0.24495,0,1,0
temporal,3,4,GARE5,2510.0,424.0,2850.0,702,0.1488,0.604,0.08315,0,0,0
temporal,3,4,GARE6,2843.0,482.0,2850.0,702,0.1691,0.6866,0.09453,0,0,0
temporal,3,4,GARE7,2422.0,267.0,2850.0,702,0.0937,0.3803,0.05236,0,0,0
temporal,3,4,GARE8,2077.0,316.0,2850.0,702,0.1109,0.4501,0.06197,0,0,0
temporal,3,4,GARE9,2619.0,1155.0,2850.0,702,0.4053,1.6453,0.22652,0,1,0
temporal,3,4,GARE10,2580.0,354.0,2850.0,702,0.1242,0.5043,0.06943,0,0,0
temporal,3,4,GARE11,2840.0,852.0,2850.0,702,0.2989,1.2137,0.16709,0,1,0
temporal,3,6,GARE4,2431.0,847.0,2850.0,702,0.2972,1.2066,0.16611,0,1,0
temporal,3,6,GARE5,2848.0,1098.0,2850.0,702,0.3853,1.5641,0.21534,0,1,0
temporal,3,6,GARE6,1889.0,229.0,2850.0,702,0.0804,0.3262,0.04491,0,0,0
temporal,3,6,GARE7,2386.0,429.0,2850.0,702,0.1505,0.6111,0.08413,0,0,0
temporal,3,6,GARE8,2775.0,323.0,2850.0,702,0.1133,0.4601,0.06335,0,0,0
temporal,3,6,GARE9,2788.0,1182.0,2850.0,702,0.4147,1.6838,0.23181,0,1,0
temporal,3,6,GARE10,2758.0,492.0,2850.0,702,0.1726,0.7009,0.09649,0,0,0
temporal,3,6,GARE11,2848.0,499.0,2850.0,702,0.1751,0.7108,0.09786,0,0,0
temporal,4,1,GARE4,1782.0,82.0,3155.0,396,0.026,0.2071,0.02849,0,0,0
temporal,4,1,GARE5,3094.0,416.0,3155.0,396,0.1319,1.0505,0.14454,0,1,0
temporal,4,1,GARE6,3153.0,573.0,3155.0,396,0.1816,1.447,0.1991,0,1,0
temporal,4,1,GARE7,3153.0,215.0,3155.0,396,0.0681,0.5429,0.0747,0,0,0
temporal,4,1,GARE8,3151.0,931.0,3155.0,396,0.2951,2.351,0.32349,0,1,0
temporal,4,1,GARE9,2459.0,390.0,3155.0,396,0.1236,0.9848,0.13551,0,0,0
temporal,4,1,GARE10,3152.0,134.0,3155.0,396,0.0425,0.3384,0.04656,0,0,0
temporal,4,1,GARE11,3000.0,137.0,3155.0,396,0.0434,0.346,0.0476,0,0,0
temporal,4,2,GARE4,3150.0,79.0,3155.0,396,0.025,0.1995,0.02745,0,0,0
temporal,4,2,GARE5,3077.0,120.0,3155.0,396,0.038,0.303,0.0417,0,0,0
temporal,4,2,GARE6,3119.0,1043.0,3155.0,396,0.3306,2.6338,0.3624,0,1,0
temporal,4,2,GARE7,2710.0,360.0,3155.0,396,0.1141,0.9091,0.12509,0,0,0
temporal,4,2,GARE8,2802.0,167.0,3155.0,396,0.0529,0.4217,0.05803,0,0,0
temporal,4,2,GARE9,2279.0,121.0,3155.0,396,0.0384,0.3056,0.04204,0,0,0
temporal,4,2,GARE10,2654.0,179.0,3155.0,396,0.0567,0.452,0.0622,0,0,0
temporal,4,2,GARE11,3153.0,809.0,3155.0,396,0.2564,2.0429,0.2811,0,1,0
temporal,4,3,GARE4,3155.0,180.0,3155.0,396,0.0571,0.4545,0.06254,0,0,0
temporal,4,3,GARE5,1449.0,90.0,3155.0,396,0.0285,0.2273,0.03127,0,0,0
temporal,4,3,GARE6,3122.0,895.0,3155.0,396,0.2837,2.2601,0.31098,0,1,0
temporal,4,3,GARE7,3123.0,705.0,3155.0,396,0.2235,1.7803,0.24496,0,1,0
temporal,4,3,GARE8,3069.0,354.0,3155.0,396,0.1122,0.8939,0.123,0,0,0
temporal,4,3,GARE9,3151.0,364.0,3155.0,396,0.1154,0.9192,0.12648,0,0,0
temporal,4,3,GARE10,3140.0,183.0,3155.0,396,0.058,0.4621,0.06359,0,0,0
temporal,4,3,GARE11,2735.0,107.0,3155.0,396,0.0339,0.2702,0.03718,0,0,0
temporal,4,4,GARE4,2169.0,46.0,3155.0,396,0.0146,0.1162,0.01598,0,0,0
temporal,4,4,GARE5,2741.0,417.0,3155.0,396,0.1322,1.053,0.14489,0,1,0
temporal,4,4,GARE6,2924.0,572.0,3155.0,396,0.1813,1.4444,0.19875,0,1,0
temporal,4,4,GARE7,3152.0,216.0,3155.0,396,0.0685,0.5455,0.07505,0,0,0
temporal,4,4,GARE8,3032.0,352.0,3155.0,396,0.1116,0.8889,0.12231,0,0,0
temporal,4,4,GARE9,2769.0,125.0,3155.0,396,0.0396,0.3157,0.04343,0,0,0
temporal,4,4,GARE10,3016.0,140.0,3155.0,396,0.0444,0.3535,0.04864,0,0,0
temporal,4,4,GARE11,3141.0,1010.0,3155.0,396,0.3201,2.5505,0.35094,0,1,0
temporal,4,6,GARE4,2533.0,83.0,3155.0,396,0.0263,0.2096,0.02884,0,0,0
temporal,4,6,GARE5,3119.0,149.0,3155.0,396,0.0472,0.3763,0.05177,0,0,0
temporal,4,6,GARE6,3116.0,589.0,3155.0,396,0.1867,1.4874,0.20466,0,1,0
temporal,4,6,GARE7,3097.0,436.0,3155.0,396,0.1382,1.101,0.15149,0,1,0
temporal,4,6,GARE8,2535.0,140.0,3155.0,396,0.0444,0.3535,0.04864,0,0,0
temporal,4,6,GARE9,3100.0,349.0,3155.0,396,0.1106,0.8813,0.12126,0,0,0
temporal,4,6,GARE10,2366.0,329.0,3155.0,396,0.1043,0.8308,0.11432,0,0,0
temporal,4,6,GARE11,3078.0,803.0,3155.0,396,0.2545,2.0278,0.27901,0,1,0
t500,0,1,GARE4,183.0,1543.0,183.0,1648,8.4317,0.9363,0.1288,1,0,0
t500,0,1,GARE5,143.0,930.0,183.0,1648,5.082,0.5643,0.07763,1,0,0
t500,0,1,GARE6,181.0,1545.0,183.0,1648,8.4426,0.9375,0.12896,1,0,0
t500,0,1,GARE7,180.0,2939.0,183.0,1648,16.0601,1.7834,0.24533,1,1,0
t500,0,1,GARE8,141.0,951.0,183.0,1648,5.1967,0.5771,0.07938,1,0,0
t500,0,1,GARE9,181.0,1574.0,183.0,1648,8.6011,0.9551,0.13139,1,0,0
t500,0,1,GARE10,145.0,1059.0,183.0,1648,5.7869,0.6426,0.0884,1,0,0
t500,0,1,GARE11,175.0,1439.0,183.0,1648,7.8634,0.8732,0.12012,1,0,0
t500,0,2,GARE4,125.0,850.0,183.0,1648,4.6448,0.5158,0.07095,1,0,0
t500,0,2,GARE5,146.0,1016.0,183.0,1648,5.5519,0.6165,0.08481,1,0,0
t500,0,2,GARE6,180.0,1638.0,183.0,1648,8.9508,0.9939,0.13673,1,0,0
t500,0,2,GARE7,183.0,2837.0,183.0,1648,15.5027,1.7215,0.23681,1,1,0
t500,0,2,GARE8,168.0,1678.0,183.0,1648,9.1694,1.0182,0.14007,1,1,0
t500,0,2,GARE9,179.0,1326.0,183.0,1648,7.2459,0.8046,0.11068,1,0,0
t500,0,2,GARE10,175.0,1656.0,183.0,1648,9.0492,1.0049,0.13823,1,1,0
t500,0,2,GARE11,173.0,979.0,183.0,1648,5.3497,0.5941,0.08172,1,0,0
t500,0,3,GARE4,135.0,925.0,183.0,1648,5.0546,0.5613,0.07721,1,0,0
t500,0,3,GARE5,181.0,1589.0,183.0,1648,8.6831,0.9642,0.13264,1,0,0
t500,0,3,GARE6,146.0,987.0,183.0,1648,5.3934,0.5989,0.08239,1,0,0
t500,0,3,GARE7,176.0,1710.0,183.0,1648,9.3443,1.0376,0.14274,1,1,0
t500,0,3,GARE8,165.0,1352.0,183.0,1648,7.388,0.8204,0.11285,1,0,0
t500,0,3,GARE9,176.0,921.0,183.0,1648,5.0328,0.5589,0.07688,1,0,0
t500,0,3,GARE10,168.0,1691.0,183.0,1648,9.2404,1.0261,0.14115,1,1,0
t500,0,3,GARE11,182.0,2805.0,183.0,1648,15.3279,1.7021,0.23414,1,1,0
t500,0,4,GARE4,166.0,1507.0,183.0,1648,8.235,0.9144,0.12579,1,0,0
t500,0,4,GARE5,168.0,1289.0,183.0,1648,7.0437,0.7822,0.1076,1,0,0
t500,0,4,GARE6,183.0,2858.0,183.0,1648,15.6175,1.7342,0.23856,1,1,0
t500,0,4,GARE7,165.0,1808.0,183.0,1648,9.8798,1.0971,0.15092,1,1,0
t500,0,4,GARE8,159.0,807.0,183.0,1648,4.4098,0.4897,0.06736,1,0,0
t500,0,4,GARE9,167.0,1272.0,183.0,1648,6.9508,0.7718,0.10618,1,0,0
t500,0,4,GARE10,176.0,1153.0,183.0,1648,6.3005,0.6996,0.09624,1,0,0
t500,0,4,GARE11,145.0,1286.0,183.0,1648,7.0273,0.7803,0.10735,1,0,0
t500,0,6,GARE4,154.0,1556.0,183.0,1648,8.5027,0.9442,0.12988,1,0,0
t500,0,6,GARE5,179.0,2233.0,183.0,1648,12.2022,1.355,0.18639,1,1,0
t500,0,6,GARE6,175.0,1167.0,183.0,1648,6.377,0.7081,0.09741,1,0,0
t500,0,6,GARE7,183.0,1613.0,183.0,1648,8.8142,0.9788,0.13464,1,0,0
t500,0,6,GARE8,134.0,884.0,183.0,1648,4.8306,0.5364,0.07379,1,0,0
t500,0,6,GARE9,165.0,1005.0,183.0,1648,5.4918,0.6098,0.08389,1,0,0
t500,0,6,GARE10,181.0,2607.0,183.0,1648,14.2459,1.5819,0.21761,1,1,0
t500,0,6,GARE11,158.0,915.0,183.0,1648,5.0,0.5552,0.07638,1,0,0
t500,1,1,GARE4,183.0,2541.0,184.0,1339,13.8098,1.8977,0.26099,1,1,0
t500,1,1,GARE5,183.0,1130.0,184.0,1339,6.1413,0.8439,0.11606,1,0,0
t500,1,1,GARE6,173.0,1158.0,184.0,1339,6.2935,0.8648,0.11894,1,0,0
t500,1,1,GARE7,148.0,832.0,184.0,1339,4.5217,0.6214,0.08546,1,0,0
t500,1,1,GARE8,183.0,1217.0,184.0,1339,6.6141,0.9089,0.125,1,0,0
t500,1,1,GARE9,115.0,664.0,184.0,1339,3.6087,0.4959,0.0682,1,0,0
t500,1,1,GARE10,177.0,1170.0,184.0,1339,6.3587,0.8738,0.12017,1,0,0
t500,1,1,GARE11,176.0,1024.0,184.0,1339,5.5652,0.7647,0.10518,1,0,0
t500,1,2,GARE4,178.0,1093.0,184.0,1339,5.9402,0.8163,0.11226,1,0,0
t500,1,2,GARE5,184.0,1487.0,184.0,1339,8.0815,1.1105,0.15273,1,1,0
t500,1,2,GARE6,184.0,947.0,184.0,1339,5.1467,0.7072,0.09727,1,0,0
t500,1,2,GARE7,184.0,2082.0,184.0,1339,11.3152,1.5549,0.21385,1,1,0
t500,1,2,GARE8,173.0,1008.0,184.0,1339,5.4783,0.7528,0.10353,1,0,0
t500,1,2,GARE9,177.0,1181.0,184.0,1339,6.4185,0.882,0.1213,1,0,0
t500,1,2,GARE10,115.0,672.0,184.0,1339,3.6522,0.5019,0.06902,1,0,0
t500,1,2,GARE11,143.0,1266.0,184.0,1339,6.8804,0.9455,0.13003,1,0,0
t500,1,3,GARE4,183.0,971.0,184.0,1339,5.2772,0.7252,0.09973,1,0,0
t500,1,3,GARE5,180.0,1261.0,184.0,1339,6.8533,0.9417,0.12952,1,0,0
t500,1,3,GARE6,141.0,651.0,184.0,1339,3.538,0.4862,0.06687,1,0,0
t500,1,3,GARE7,178.0,1891.0,184.0,1339,10.2772,1.4122,0.19423,1,1,0
t500,1,3,GARE8,184.0,1787.0,184.0,1339,9.712,1.3346,0.18355,1,1,0
t500,1,3,GARE9,164.0,1066.0,184.0,1339,5.7935,0.7961,0.10949,1,0,0
t500,1,3,GARE10,140.0,950.0,184.0,1339,5.163,0.7095,0.09758,1,0,0
t500,1,3,GARE11,168.0,1159.0,184.0,1339,6.2989,0.8656,0.11904,1,0,0
t500,1,4,GARE4,162.0,788.0,184.0,1339,4.2826,0.5885,0.08094,1,0,0
t500,1,4,GARE5,133.0,762.0,184.0,1339,4.1413,0.5691,0.07827,1,0,0
t500,1,4,GARE6,163.0,1230.0,184.0,1339,6.6848,0.9186,0.12634,1,0,0
t500,1,4,GARE7,165.0,890.0,184.0,1339,4.837,0.6647,0.09141,1,0,0
t500,1,4,GARE8,182.0,1369.0,184.0,1339,7.4402,1.0224,0.14061,1,1,0
t500,1,4,GARE9,184.0,2204.0,184.0,1339,11.9783,1.646,0.22638,1,1,0
t500,1,4,GARE10,183.0,1256.0,184.0,1339,6.8261,0.938,0.12901,1,0,0
t500,1,4,GARE11,166.0,1237.0,184.0,1339,6.7228,0.9238,0.12705,1,0,0
t500,1,6,GARE4,169.0,2027.0,184.0,1339,11.0163,1.5138,0.2082,1,1,0
t500,1,6,GARE5,175.0,1090.0,184.0,1339,5.9239,0.814,0.11196,1,0,0
t500,1,6,GARE6,184.0,1114.0,184.0,1339,6.0543,0.832,0.11442,1,0,0
t500,1,6,GARE7,175.0,1541.0,184.0,1339,8.375,1.1509,0.15828,1,1,0
t500,1,6,GARE8,120.0,589.0,184.0,1339,3.2011,0.4399,0.0605,1,0,0
t500,1,6,GARE9,184.0,1385.0,184.0,1339,7.5272,1.0344,0.14226,1,1,0
t500,1,6,GARE10,171.0,1012.0,184.0,1339,5.5,0.7558,0.10394,1,0,0
t500,1,6,GARE11,160.0,978.0,184.0,1339,5.3152,0.7304,0.10045,1,0,0
t500,2,1,GARE4,119.0,726.0,189.0,1022,3.8413,0.7104,0.09771,1,0,0
t500,2,1,GARE5,156.0,584.0,189.0,1022,3.0899,0.5714,0.0786,1,0,0
t500,2,1,GARE6,188.0,655.0,189.0,1022,3.4656,0.6409,0.08816,1,0,0
t500,2,1,GARE7,186.0,2347.0,189.0,1022,12.418,2.2965,0.31588,1,1,0
t500,2,1,GARE8,183.0,964.0,189.0,1022,5.1005,0.9432,0.12974,1,0,0
t500,2,1,GARE9,188.0,704.0,189.0,1022,3.7249,0.6888,0.09475,1,0,0
t500,2,1,GARE10,184.0,591.0,189.0,1022,3.127,0.5783,0.07954,1,0,0
t500,2,1,GARE11,169.0,859.0,189.0,1022,4.545,0.8405,0.11561,1,0,0
t500,2,2,GARE4,144.0,480.0,189.0,1022,2.5397,0.4697,0.0646,1,0,0
t500,2,2,GARE5,187.0,1071.0,189.0,1022,5.6667,1.0479,0.14415,1,1,0
t500,2,2,GARE6,127.0,570.0,189.0,1022,3.0159,0.5577,0.07672,1,0,0
t500,2,2,GARE7,178.0,602.0,189.0,1022,3.1852,0.589,0.08102,1,0,0
t500,2,2,GARE8,184.0,621.0,189.0,1022,3.2857,0.6076,0.08358,1,0,0
t500,2,2,GARE9,189.0,1299.0,189.0,1022,6.873,1.271,0.17483,1,1,0
t500,2,2,GARE10,179.0,2075.0,189.0,1022,10.9788,2.0303,0.27927,1,1,0
t500,2,2,GARE11,185.0,712.0,189.0,1022,3.7672,0.6967,0.09583,1,0,0
t500,2,3,GARE4,187.0,678.0,189.0,1022,3.5873,0.6634,0.09125,1,0,0
t500,2,3,GARE5,189.0,1047.0,189.0,1022,5.5397,1.0245,0.14092,1,1,0
t500,2,3,GARE6,115.0,489.0,189.0,1022,2.5873,0.4785,0.06581,1,0,0
t500,2,3,GARE7,188.0,2165.0,189.0,1022,11.455,2.1184,0.29139,1,1,0
t500,2,3,GARE8,146.0,541.0,189.0,1022,2.8624,0.5294,0.07281,1,0,0
t500,2,3,GARE9,189.0,846.0,189.0,1022,4.4762,0.8278,0.11386,1,0,0
t500,2,3,GARE10,188.0,724.0,189.0,1022,3.8307,0.7084,0.09744,1,0,0
t500,2,3,GARE11,171.0,940.0,189.0,1022,4.9735,0.9198,0.12651,1,0,0
t500,2,4,GARE4,152.0,469.0,189.0,1022,2.4815,0.4589,0.06312,1,0,0
t500,2,4,GARE5,179.0,787.0,189.0,1022,4.164,0.7701,0.10592,1,0,0
t500,2,4,GARE6,165.0,2187.0,189.0,1022,11.5714,2.1399,0.29435,1,1,0
t500,2,4,GARE7,151.0,595.0,189.0,1022,3.1481,0.5822,0.08008,1,0,0
t500,2,4,GARE8,177.0,1198.0,189.0,1022,6.3386,1.1722,0.16124,1,1,0
t500,2,4,GARE9,175.0,514.0,189.0,1022,2.7196,0.5029,0.06918,1,0,0
t500,2,4,GARE10,186.0,1054.0,189.0,1022,5.5767,1.0313,0.14186,1,1,0
t500,2,4,GARE11,188.0,626.0,189.0,1022,3.3122,0.6125,0.08425,1,0,0
t500,2,6,GARE4,173.0,800.0,189.0,1022,4.2328,0.7828,0.10767,1,0,0
t500,2,6,GARE5,188.0,720.0,189.0,1022,3.8095,0.7045,0.0969,1,0,0
t500,2,6,GARE6,163.0,1583.0,189.0,1022,8.3757,1.5489,0.21306,1,1,0
t500,2,6,GARE7,167.0,628.0,189.0,1022,3.3228,0.6145,0.08452,1,0,0
t500,2,6,GARE8,134.0,468.0,189.0,1022,2.4762,0.4579,0.06299,1,0,0
t500,2,6,GARE9,175.0,1566.0,189.0,1022,8.2857,1.5323,0.21077,1,1,0
t500,2,6,GARE10,186.0,873.0,189.0,1022,4.619,0.8542,0.1175,1,0,0
t500,2,6,GARE11,187.0,792.0,189.0,1022,4.1905,0.775,0.10659,1,0,0
t500,3,1,GARE4,182.0,492.0,182.0,702,2.7033,0.7009,0.09649,1,0,0
t500,3,1,GARE5,178.0,801.0,182.0,702,4.4011,1.141,0.15709,1,1,0
t500,3,1,GARE6,134.0,303.0,182.0,702,1.6648,0.4316,0.05942,1,0,0
t500,3,1,GARE7,103.0,269.0,182.0,702,1.478,0.3832,0.05276,1,0,0
t500,3,1,GARE8,178.0,371.0,182.0,702,2.0385,0.5285,0.07276,1,0,0
t500,3,1,GARE9,182.0,1505.0,182.0,702,8.2692,2.1439,0.29516,1,1,0
t500,3,1,GARE10,182.0,809.0,182.0,702,4.4451,1.1524,0.15866,1,1,0
t500,3,1,GARE11,179.0,549.0,182.0,702,3.0165,0.7821,0.10767,1,0,0
t500,3,2,GARE4,162.0,504.0,182.0,702,2.7692,0.7179,0.09884,1,0,0
t500,3,2,GARE5,158.0,385.0,182.0,702,2.1154,0.5484,0.07551,1,0,0
t500,3,2,GARE6,181.0,476.0,182.0,702,2.6154,0.6781,0.09335,1,0,0
t500,3,2,GARE7,151.0,907.0,182.0,702,4.9835,1.292,0.17788,1,1,0
t500,3,2,GARE8,170.0,1531.0,182.0,702,8.4121,2.1809,0.30025,1,1,0
t500,3,2,GARE9,139.0,276.0,182.0,702,1.5165,0.3932,0.05413,1,0,0
t500,3,2,GARE10,176.0,520.0,182.0,702,2.8571,0.7407,0.10198,1,0,0
t500,3,2,GARE11,181.0,500.0,182.0,702,2.7473,0.7123,0.09806,1,0,0
t500,3,3,GARE4,147.0,317.0,182.0,702,1.7418,0.4516,0.06217,1,0,0
t500,3,3,GARE5,177.0,397.0,182.0,702,2.1813,0.5655,0.07786,1,0,0
t500,3,3,GARE6,168.0,381.0,182.0,702,2.0934,0.5427,0.07472,1,0,0
t500,3,3,GARE7,160.0,480.0,182.0,702,2.6374,0.6838,0.09414,1,0,0
t500,3,3,GARE8,174.0,487.0,182.0,702,2.6758,0.6937,0.09551,1,0,0
t500,3,3,GARE9,174.0,1878.0,182.0,702,10.3187,2.6752,0.36831,1,1,0
t500,3,3,GARE10,158.0,811.0,182.0,702,4.456,1.1553,0.15905,1,1,0
t500,3,3,GARE11,160.0,348.0,182.0,702,1.9121,0.4957,0.06825,1,0,0
t500,3,4,GARE4,168.0,796.0,182.0,702,4.3736,1.1339,0.15611,1,1,0
t500,3,4,GARE5,134.0,311.0,182.0,702,1.7088,0.443,0.06099,1,0,0
t500,3,4,GARE6,182.0,470.0,182.0,702,2.5824,0.6695,0.09217,1,0,0
t500,3,4,GARE7,157.0,317.0,182.0,702,1.7418,0.4516,0.06217,1,0,0
t500,3,4,GARE8,178.0,553.0,182.0,702,3.0385,0.7877,0.10845,1,0,0
t500,3,4,GARE9,154.0,423.0,182.0,702,2.3242,0.6026,0.08296,1,0,0
t500,3,4,GARE10,163.0,687.0,182.0,702,3.7747,0.9786,0.13473,1,0,0
t500,3,4,GARE11,182.0,1542.0,182.0,702,8.4725,2.1966,0.30241,1,1,0
t500,3,6,GARE4,176.0,408.0,182.0,702,2.2418,0.5812,0.08002,1,0,0
t500,3,6,GARE5,181.0,497.0,182.0,702,2.7308,0.708,0.09747,1,0,0
t500,3,6,GARE6,137.0,247.0,182.0,702,1.3571,0.3519,0.04844,1,0,0
t500,3,6,GARE7,162.0,910.0,182.0,702,5.0,1.2963,0.17847,1,1,0
t500,3,6,GARE8,181.0,594.0,182.0,702,3.2637,0.8462,0.11649,1,0,0
t500,3,6,GARE9,117.0,272.0,182.0,702,1.4945,0.3875,0.05334,1,0,0
t500,3,6,GARE10,182.0,849.0,182.0,702,4.6648,1.2094,0.1665,1,1,0
t500,3,6,GARE11,182.0,1322.0,182.0,702,7.2637,1.8832,0.25927,1,1,0
t500,4,1,GARE4,128.0,141.0,174.0,396,0.8103,0.3561,0.04899,0,0,0
t500,4,1,GARE5,174.0,1368.0,174.0,396,7.8621,3.4545,0.47533,1,1,0
t500,4,1,GARE6,172.0,205.0,174.0,396,1.1782,0.5177,0.07123,1,0,0
t500,4,1,GARE7,129.0,159.0,174.0,396,0.9138,0.4015,0.05525,0,0,0
t500,4,1,GARE8,172.0,125.0,174.0,396,0.7184,0.3157,0.04343,0,0,0
t500,4,1,GARE9,171.0,446.0,174.0,396,2.5632,1.1263,0.15497,1,1,0
t500,4,1,GARE10,173.0,154.0,174.0,396,0.8851,0.3889,0.05351,0,0,0
t500,4,1,GARE11,142.0,280.0,174.0,396,1.6092,0.7071,0.09729,1,0,0
t500,4,2,GARE4,159.0,923.0,174.0,396,5.3046,2.3308,0.32071,1,1,0
t500,4,2,GARE5,161.0,144.0,174.0,396,0.8276,0.3636,0.05003,0,0,0
t500,4,2,GARE6,133.0,192.0,174.0,396,1.1034,0.4848,0.06671,1,0,0
t500,4,2,GARE7,174.0,559.0,174.0,396,3.2126,1.4116,0.19423,1,1,0
t500,4,2,GARE8,168.0,482.0,174.0,396,2.7701,1.2172,0.16748,1,1,0
t500,4,2,GARE9,138.0,215.0,174.0,396,1.2356,0.5429,0.0747,1,0,0
t500,4,2,GARE10,169.0,185.0,174.0,396,1.0632,0.4672,0.06428,1,0,0
t500,4,2,GARE11,159.0,178.0,174.0,396,1.023,0.4495,0.06185,1,0,0
t500,4,3,GARE4,166.0,209.0,174.0,396,1.2011,0.5278,0.07262,1,0,0
t500,4,3,GARE5,134.0,182.0,174.0,396,1.046,0.4596,0.06324,1,0,0
t500,4,3,GARE6,162.0,267.0,174.0,396,1.5345,0.6742,0.09277,1,0,0
t500,4,3,GARE7,158.0,255.0,174.0,396,1.4655,0.6439,0.0886,1,0,0
t500,4,3,GARE8,173.0,993.0,174.0,396,5.7069,2.5076,0.34503,1,1,0
t500,4,3,GARE9,132.0,122.0,174.0,396,0.7011,0.3081,0.04239,0,0,0
t500,4,3,GARE10,173.0,657.0,174.0,396,3.7759,1.6591,0.22828,1,1,0
t500,4,3,GARE11,163.0,193.0,174.0,396,1.1092,0.4874,0.06706,1,0,0
t500,4,4,GARE4,127.0,109.0,174.0,396,0.6264,0.2753,0.03787,0,0,0
t500,4,4,GARE5,170.0,135.0,174.0,396,0.7759,0.3409,0.04691,0,0,0
t500,4,4,GARE6,171.0,475.0,174.0,396,2.7299,1.1995,0.16505,1,1,0
t500,4,4,GARE7,174.0,436.0,174.0,396,2.5057,1.101,0.15149,1,1,0
t500,4,4,GARE8,136.0,235.0,174.0,396,1.3506,0.5934,0.08165,1,0,0
t500,4,4,GARE9,141.0,237.0,174.0,396,1.3621,0.5985,0.08235,1,0,0
t500,4,4,GARE10,168.0,218.0,174.0,396,1.2529,0.5505,0.07575,1,0,0
t500,4,4,GARE11,174.0,1033.0,174.0,396,5.9368,2.6086,0.35893,1,1,0
t500,4,6,GARE4,168.0,212.0,174.0,396,1.2184,0.5354,0.07366,1,0,0
t500,4,6,GARE5,172.0,391.0,174.0,396,2.2471,0.9874,0.13586,1,0,0
t500,4,6,GARE6,174.0,1131.0,174.0,396,6.5,2.8561,0.39298,1,1,0
t500,4,6,GARE7,136.0,120.0,174.0,396,0.6897,0.303,0.0417,0,0,0
t500,4,6,GARE8,139.0,213.0,174.0,396,1.2241,0.5379,0.07401,1,0,0
t500,4,6,GARE9,173.0,138.0,174.0,396,0.7931,0.3485,0.04795,0,0,0
t500,4,6,GARE10,131.0,137.0,174.0,396,0.7874,0.346,0.0476,0,0,0
t500,4,6,GARE11,168.0,536.0,174.0,396,3.0805,1.3535,0.18624,1,1,0
t1000,0,1,GARE4,372.0,2042.0,372.0,1648,5.4892,1.2391,0.17045,1,1,0
t1000,0,1,GARE5,366.0,1335.0,372.0,1648,3.5887,0.8101,0.11144,1,0,0
t1000,0,1,GARE6,300.0,1042.0,372.0,1648,2.8011,0.6323,0.08698,1,0,0
t1000,0,1,GARE7,350.0,1109.0,372.0,1648,2.9812,0.6729,0.09257,1,0,0
t1000,0,1,GARE8,322.0,1544.0,372.0,1648,4.1505,0.9369,0.12888,1,0,0
t1000,0,1,GARE9,370.0,1364.0,372.0,1648,3.6667,0.8277,0.11386,1,0,0
t1000,0,1,GARE10,372.0,2578.0,372.0,1648,6.9301,1.5643,0.21519,1,1,0
t1000,0,1,GARE11,249.0,966.0,372.0,1648,2.5968,0.5862,0.08063,1,0,0
t1000,0,2,GARE4,340.0,1151.0,372.0,1648,3.0941,0.6984,0.09608,1,0,0
t1000,0,2,GARE5,359.0,1055.0,372.0,1648,2.836,0.6402,0.08806,1,0,0
t1000,0,2,GARE6,271.0,1362.0,372.0,1648,3.6613,0.8265,0.11369,1,0,0
t1000,0,2,GARE7,371.0,1957.0,372.0,1648,5.2608,1.1875,0.16336,1,1,0
t1000,0,2,GARE8,369.0,2486.0,372.0,1648,6.6828,1.5085,0.20751,1,1,0
t1000,0,2,GARE9,268.0,1189.0,372.0,1648,3.1962,0.7215,0.09925,1,0,0
t1000,0,2,GARE10,358.0,1306.0,372.0,1648,3.5108,0.7925,0.10902,1,0,0
t1000,0,2,GARE11,365.0,1474.0,372.0,1648,3.9624,0.8944,0.12304,1,0,0
t1000,0,3,GARE4,364.0,1466.0,372.0,1648,3.9409,0.8896,0.12237,1,0,0
t1000,0,3,GARE5,371.0,1620.0,372.0,1648,4.3548,0.983,0.13523,1,0,0
t1000,0,3,GARE6,296.0,1008.0,372.0,1648,2.7097,0.6117,0.08414,1,0,0
t1000,0,3,GARE7,366.0,2166.0,372.0,1648,5.8226,1.3143,0.1808,1,1,0
t1000,0,3,GARE8,371.0,1579.0,372.0,1648,4.2446,0.9581,0.1318,1,0,0
t1000,0,3,GARE9,371.0,1444.0,372.0,1648,3.8817,0.8762,0.12053,1,0,0
t1000,0,3,GARE10,370.0,2179.0,372.0,1648,5.8575,1.3222,0.18189,1,1,0
t1000,0,3,GARE11,192.0,518.0,372.0,1648,1.3925,0.3143,0.04324,1,0,0
t1000,0,4,GARE4,369.0,1466.0,372.0,1648,3.9409,0.8896,0.12237,1,0,0
t1000,0,4,GARE5,228.0,930.0,372.0,1648,2.5,0.5643,0.07763,1,0,0
t1000,0,4,GARE6,362.0,2339.0,372.0,1648,6.2876,1.4193,0.19524,1,1,0
t1000,0,4,GARE7,340.0,883.0,372.0,1648,2.3737,0.5358,0.07371,1,0,0
t1000,0,4,GARE8,371.0,1391.0,372.0,1648,3.7392,0.8441,0.11611,1,0,0
t1000,0,4,GARE9,372.0,1726.0,372.0,1648,4.6398,1.0473,0.14407,1,1,0
t1000,0,4,GARE10,369.0,2415.0,372.0,1648,6.4919,1.4654,0.20159,1,1,0
t1000,0,4,GARE11,290.0,830.0,372.0,1648,2.2312,0.5036,0.06928,1,0,0
t1000,0,6,GARE4,263.0,1033.0,372.0,1648,2.7769,0.6268,0.08623,1,0,0
t1000,0,6,GARE5,372.0,1514.0,372.0,1648,4.0699,0.9187,0.12638,1,0,0
t1000,0,6,GARE6,335.0,2363.0,372.0,1648,6.3522,1.4339,0.19725,1,1,0
t1000,0,6,GARE7,371.0,1721.0,372.0,1648,4.6263,1.0443,0.14366,1,1,0
t1000,0,6,GARE8,340.0,1451.0,372.0,1648,3.9005,0.8805,0.12112,1,0,0
t1000,0,6,GARE9,338.0,1481.0,372.0,1648,3.9812,0.8987,0.12362,1,0,0
t1000,0,6,GARE10,350.0,1070.0,372.0,1648,2.8763,0.6493,0.08932,1,0,0
t1000,0,6,GARE11,332.0,1347.0,372.0,1648,3.621,0.8174,0.11244,1,0,0
t1000,1,1,GARE4,352.0,971.0,371.0,1339,2.6173,0.7252,0.09973,1,0,0
t1000,1,1,GARE5,371.0,1306.0,371.0,1339,3.5202,0.9754,0.13414,1,0,0
t1000,1,1,GARE6,354.0,1205.0,371.0,1339,3.248,0.8999,0.12377,1,0,0
t1000,1,1,GARE7,371.0,1075.0,371.0,1339,2.8976,0.8028,0.11041,1,0,0
t1000,1,1,GARE8,368.0,2460.0,371.0,1339,6.6307,1.8372,0.25267,1,1,0
t1000,1,1,GARE9,268.0,808.0,371.0,1339,2.1779,0.6034,0.08299,1,0,0
t1000,1,1,GARE10,356.0,1228.0,371.0,1339,3.31,0.9171,0.12613,1,0,0
t1000,1,1,GARE11,253.0,683.0,371.0,1339,1.841,0.5101,0.07015,1,0,0
t1000,1,2,GARE4,320.0,903.0,371.0,1339,2.434,0.6744,0.09275,1,0,0
t1000,1,2,GARE5,371.0,2211.0,371.0,1339,5.9596,1.6512,0.2271,1,1,0
t1000,1,2,GARE6,370.0,1661.0,371.0,1339,4.4771,1.2405,0.1706,1,1,0
t1000,1,2,GARE7,371.0,1145.0,371.0,1339,3.0863,0.8551,0.1176,1,0,0
t1000,1,2,GARE8,371.0,1216.0,371.0,1339,3.2776,0.9081,0.1249,1,0,0
t1000,1,2,GARE9,148.0,505.0,371.0,1339,1.3612,0.3771,0.05187,1,0,0
t1000,1,2,GARE10,371.0,895.0,371.0,1339,2.4124,0.6684,0.09193,1,0,0
t1000,1,2,GARE11,371.0,1200.0,371.0,1339,3.2345,0.8962,0.12325,1,0,0
t1000,1,3,GARE4,341.0,953.0,371.0,1339,2.5687,0.7117,0.09788,1,0,0
t1000,1,3,GARE5,363.0,1081.0,371.0,1339,2.9137,0.8073,0.11103,1,0,0
t1000,1,3,GARE6,366.0,1693.0,371.0,1339,4.5633,1.2644,0.17389,1,1,0
t1000,1,3,GARE7,368.0,1166.0,371.0,1339,3.1429,0.8708,0.11976,1,0,0
t1000,1,3,GARE8,291.0,880.0,371.0,1339,2.372,0.6572,0.09039,1,0,0
t1000,1,3,GARE9,270.0,754.0,371.0,1339,2.0323,0.5631,0.07744,1,0,0
t1000,1,3,GARE10,370.0,2142.0,371.0,1339,5.7736,1.5997,0.22001,1,1,0
t1000,1,3,GARE11,324.0,1067.0,371.0,1339,2.876,0.7969,0.10959,1,0,0
t1000,1,4,GARE4,361.0,1355.0,371.0,1339,3.6523,1.0119,0.13917,1,1,0
t1000,1,4,GARE5,338.0,847.0,371.0,1339,2.283,0.6326,0.087,1,0,0
t1000,1,4,GARE6,358.0,1461.0,371.0,1339,3.938,1.0911,0.15006,1,1,0
t1000,1,4,GARE7,359.0,1189.0,371.0,1339,3.2049,0.888,0.12212,1,0,0
t1000,1,4,GARE8,351.0,950.0,371.0,1339,2.5606,0.7095,0.09758,1,0,0
t1000,1,4,GARE9,371.0,2417.0,371.0,1339,6.5148,1.8051,0.24825,1,1,0
t1000,1,4,GARE10,287.0,838.0,371.0,1339,2.2588,0.6258,0.08607,1,0,0
t1000,1,4,GARE11,268.0,679.0,371.0,1339,1.8302,0.5071,0.06974,1,0,0
t1000,1,6,GARE4,351.0,1144.0,371.0,1339,3.0836,0.8544,0.1175,1,0,0
t1000,1,6,GARE5,354.0,1697.0,371.0,1339,4.5741,1.2674,0.1743,1,1,0
t1000,1,6,GARE6,328.0,1765.0,371.0,1339,4.7574,1.3181,0.18129,1,1,0
t1000,1,6,GARE7,282.0,843.0,371.0,1339,2.2722,0.6296,0.08659,1,0,0
t1000,1,6,GARE8,365.0,1047.0,371.0,1339,2.8221,0.7819,0.10754,1,0,0
t1000,1,6,GARE9,302.0,1135.0,371.0,1339,3.0593,0.8476,0.11658,1,0,0
t1000,1,6,GARE10,368.0,1306.0,371.0,1339,3.5202,0.9754,0.13414,1,0,0
t1000,1,6,GARE11,343.0,799.0,371.0,1339,2.1536,0.5967,0.08207,1,0,0
t1000,2,1,GARE4,361.0,825.0,367.0,1022,2.248,0.8072,0.11104,1,0,0
t1000,2,1,GARE5,366.0,1038.0,367.0,1022,2.8283,1.0157,0.1397,1,1,0
t1000,2,1,GARE6,241.0,545.0,367.0,1022,1.485,0.5333,0.07335,1,0,0
t1000,2,1,GARE7,366.0,949.0,367.0,1022,2.5858,0.9286,0.12773,1,0,0
t1000,2,1,GARE8,366.0,732.0,367.0,1022,1.9946,0.7162,0.09852,1,0,0
t1000,2,1,GARE9,361.0,2133.0,367.0,1022,5.812,2.0871,0.28708,1,1,0
t1000,2,1,GARE10,235.0,460.0,367.0,1022,1.2534,0.4501,0.06191,1,0,0
t1000,2,1,GARE11,366.0,748.0,367.0,1022,2.0381,0.7319,0.10067,1,0,0
t1000,2,2,GARE4,354.0,732.0,367.0,1022,1.9946,0.7162,0.09852,1,0,0
t1000,2,2,GARE5,343.0,999.0,367.0,1022,2.7221,0.9775,0.13445,1,0,0
t1000,2,2,GARE6,361.0,761.0,367.0,1022,2.0736,0.7446,0.10242,1,0,0
t1000,2,2,GARE7,352.0,1442.0,367.0,1022,3.9292,1.411,0.19408,1,1,0
t1000,2,2,GARE8,286.0,640.0,367.0,1022,1.7439,0.6262,0.08614,1,0,0
t1000,2,2,GARE9,358.0,1575.0,367.0,1022,4.2916,1.5411,0.21198,1,1,0
t1000,2,2,GARE10,247.0,553.0,367.0,1022,1.5068,0.5411,0.07443,1,0,0
t1000,2,2,GARE11,361.0,728.0,367.0,1022,1.9837,0.7123,0.09798,1,0,0
t1000,2,3,GARE4,367.0,2219.0,367.0,1022,6.0463,2.1712,0.29865,1,1,0
t1000,2,3,GARE5,325.0,1055.0,367.0,1022,2.8747,1.0323,0.14199,1,1,0
t1000,2,3,GARE6,360.0,915.0,367.0,1022,2.4932,0.8953,0.12315,1,0,0
t1000,2,3,GARE7,348.0,720.0,367.0,1022,1.9619,0.7045,0.0969,1,0,0
t1000,2,3,GARE8,364.0,758.0,367.0,1022,2.0654,0.7417,0.10202,1,0,0
t1000,2,3,GARE9,268.0,450.0,367.0,1022,1.2262,0.4403,0.06057,1,0,0
t1000,2,3,GARE10,328.0,601.0,367.0,1022,1.6376,0.5881,0.08089,1,0,0
t1000,2,3,GARE11,302.0,712.0,367.0,1022,1.9401,0.6967,0.09583,1,0,0
t1000,2,4,GARE4,365.0,2236.0,367.0,1022,6.0926,2.1879,0.30094,1,1,0
t1000,2,4,GARE5,365.0,668.0,367.0,1022,1.8202,0.6536,0.08991,1,0,0
t1000,2,4,GARE6,305.0,489.0,367.0,1022,1.3324,0.4785,0.06581,1,0,0
t1000,2,4,GARE7,349.0,1104.0,367.0,1022,3.0082,1.0802,0.14859,1,1,0
t1000,2,4,GARE8,347.0,667.0,367.0,1022,1.8174,0.6526,0.08977,1,0,0
t1000,2,4,GARE9,302.0,609.0,367.0,1022,1.6594,0.5959,0.08197,1,0,0
t1000,2,4,GARE10,274.0,832.0,367.0,1022,2.267,0.8141,0.11198,1,0,0
t1000,2,4,GARE11,355.0,825.0,367.0,1022,2.248,0.8072,0.11104,1,0,0
t1000,2,6,GARE4,364.0,784.0,367.0,1022,2.1362,0.7671,0.10552,1,0,0
t1000,2,6,GARE5,329.0,674.0,367.0,1022,1.8365,0.6595,0.09071,1,0,0
t1000,2,6,GARE6,353.0,839.0,367.0,1022,2.2861,0.8209,0.11292,1,0,0
t1000,2,6,GARE7,359.0,1070.0,367.0,1022,2.9155,1.047,0.14401,1,1,0
t1000,2,6,GARE8,297.0,1103.0,367.0,1022,3.0054,1.0793,0.14845,1,1,0
t1000,2,6,GARE9,276.0,723.0,367.0,1022,1.97,0.7074,0.09731,1,0,0
t1000,2,6,GARE10,333.0,747.0,367.0,1022,2.0354,0.7309,0.10054,1,0,0
t1000,2,6,GARE11,351.0,1490.0,367.0,1022,4.0599,1.4579,0.20054,1,1,0
t1000,3,1,GARE4,226.0,291.0,360.0,702,0.8083,0.4145,0.05707,0,0,0
t1000,3,1,GARE5,303.0,699.0,360.0,702,1.9417,0.9957,0.13709,1,0,0
t1000,3,1,GARE6,359.0,1202.0,360.0,702,3.3389,1.7123,0.23573,1,1,0
t1000,3,1,GARE7,328.0,280.0,360.0,702,0.7778,0.3989,0.05491,0,0,0
t1000,3,1,GARE8,356.0,1077.0,360.0,702,2.9917,1.5342,0.21122,1,1,0
t1000,3,1,GARE9,329.0,408.0,360.0,702,1.1333,0.5812,0.08002,1,0,0
t1000,3,1,GARE10,358.0,379.0,360.0,702,1.0528,0.5399,0.07433,1,0,0
t1000,3,1,GARE11,352.0,763.0,360.0,702,2.1194,1.0869,0.14964,1,1,0
t1000,3,2,GARE4,342.0,738.0,360.0,702,2.05,1.0513,0.14473,1,1,0
t1000,3,2,GARE5,360.0,348.0,360.0,702,0.9667,0.4957,0.06825,0,0,0
t1000,3,2,GARE6,346.0,635.0,360.0,702,1.7639,0.9046,0.12453,1,0,0
t1000,3,2,GARE7,355.0,1610.0,360.0,702,4.4722,2.2934,0.31575,1,1,0
t1000,3,2,GARE8,253.0,438.0,360.0,702,1.2167,0.6239,0.0859,1,0,0
t1000,3,2,GARE9,238.0,295.0,360.0,702,0.8194,0.4202,0.05785,0,0,0
t1000,3,2,GARE10,359.0,590.0,360.0,702,1.6389,0.8405,0.11571,1,0,0
t1000,3,2,GARE11,358.0,445.0,360.0,702,1.2361,0.6339,0.08727,1,0,0
t1000,3,3,GARE4,328.0,508.0,360.0,702,1.4111,0.7236,0.09963,1,0,0
t1000,3,3,GARE5,342.0,594.0,360.0,702,1.65,0.8462,0.11649,1,0,0
t1000,3,3,GARE6,290.0,349.0,360.0,702,0.9694,0.4972,0.06844,0,0,0
t1000,3,3,GARE7,351.0,1510.0,360.0,702,4.1944,2.151,0.29614,1,1,0
t1000,3,3,GARE8,306.0,673.0,360.0,702,1.8694,0.9587,0.13199,1,0,0
t1000,3,3,GARE9,333.0,335.0,360.0,702,0.9306,0.4772,0.0657,0,0,0
t1000,3,3,GARE10,303.0,647.0,360.0,702,1.7972,0.9217,0.12689,1,0,0
t1000,3,3,GARE11,358.0,483.0,360.0,702,1.3417,0.688,0.09472,1,0,0
t1000,3,4,GARE4,355.0,1563.0,360.0,702,4.3417,2.2265,0.30653,1,1,0
t1000,3,4,GARE5,332.0,324.0,360.0,702,0.9,0.4615,0.06354,0,0,0
t1000,3,4,GARE6,321.0,689.0,360.0,702,1.9139,0.9815,0.13512,1,0,0
t1000,3,4,GARE7,350.0,401.0,360.0,702,1.1139,0.5712,0.07864,1,0,0
t1000,3,4,GARE8,332.0,266.0,360.0,702,0.7389,0.3789,0.05217,0,0,0
t1000,3,4,GARE9,228.0,272.0,360.0,702,0.7556,0.3875,0.05334,0,0,0
t1000,3,4,GARE10,333.0,581.0,360.0,702,1.6139,0.8276,0.11394,1,0,0
t1000,3,4,GARE11,360.0,1003.0,360.0,702,2.7861,1.4288,0.19671,1,1,0
t1000,3,6,GARE4,220.0,264.0,360.0,702,0.7333,0.3761,0.05177,0,0,0
t1000,3,6,GARE5,353.0,644.0,360.0,702,1.7889,0.9174,0.1263,1,0,0
t1000,3,6,GARE6,354.0,1548.0,360.0,702,4.3,2.2051,0.30359,1,1,0
t1000,3,6,GARE7,342.0,350.0,360.0,702,0.9722,0.4986,0.06864,0,0,0
t1000,3,6,GARE8,360.0,413.0,360.0,702,1.1472,0.5883,0.081,1,0,0
t1000,3,6,GARE9,268.0,349.0,360.0,702,0.9694,0.4972,0.06844,0,0,0
t1000,3,6,GARE10,354.0,1117.0,360.0,702,3.1028,1.5912,0.21906,1,1,0
t1000,3,6,GARE11,360.0,414.0,360.0,702,1.15,0.5897,0.08119,1,0,0
t1000,4,1,GARE4,338.0,138.0,340.0,396,0.4059,0.3485,0.04795,0,0,0
t1000,4,1,GARE5,307.0,121.0,340.0,396,0.3559,0.3056,0.04204,0,0,0
t1000,4,1,GARE6,312.0,449.0,340.0,396,1.3206,1.1338,0.15601,1,1,0
t1000,4,1,GARE7,333.0,177.0,340.0,396,0.5206,0.447,0.0615,0,0,0
t1000,4,1,GARE8,230.0,183.0,340.0,396,0.5382,0.4621,0.06359,0,0,0
t1000,4,1,GARE9,274.0,132.0,340.0,396,0.3882,0.3333,0.04587,0,0,0
t1000,4,1,GARE10,340.0,315.0,340.0,396,0.9265,0.7955,0.10945,0,0,0
t1000,4,1,GARE11,338.0,1363.0,340.0,396,4.0088,3.4419,0.47359,1,1,0
t1000,4,2,GARE4,288.0,258.0,340.0,396,0.7588,0.6515,0.08965,0,0,0
t1000,4,2,GARE5,293.0,99.0,340.0,396,0.2912,0.25,0.0344,0,0,0
t1000,4,2,GARE6,298.0,189.0,340.0,396,0.5559,0.4773,0.06567,0,0,0
t1000,4,2,GARE7,275.0,97.0,340.0,396,0.2853,0.2449,0.0337,0,0,0
t1000,4,2,GARE8,334.0,404.0,340.0,396,1.1882,1.0202,0.14038,1,1,0
t1000,4,2,GARE9,337.0,616.0,340.0,396,1.8118,1.5556,0.21404,1,1,0
t1000,4,2,GARE10,331.0,299.0,340.0,396,0.8794,0.7551,0.10389,0,0,0
t1000,4,2,GARE11,316.0,916.0,340.0,396,2.6941,2.3131,0.31828,1,1,0
t1000,4,3,GARE4,340.0,159.0,340.0,396,0.4676,0.4015,0.05525,0,0,0
t1000,4,3,GARE5,339.0,759.0,340.0,396,2.2324,1.9167,0.26372,1,1,0
t1000,4,3,GARE6,285.0,184.0,340.0,396,0.5412,0.4646,0.06393,0,0,0
t1000,4,3,GARE7,331.0,979.0,340.0,396,2.8794,2.4722,0.34017,1,1,0
t1000,4,3,GARE8,340.0,383.0,340.0,396,1.1265,0.9672,0.13308,1,0,0
t1000,4,3,GARE9,337.0,81.0,340.0,396,0.2382,0.2045,0.02814,0,0,0
t1000,4,3,GARE10,275.0,197.0,340.0,396,0.5794,0.4975,0.06845,0,0,0
t1000,4,3,GARE11,225.0,136.0,340.0,396,0.4,0.3434,0.04726,0,0,0
t1000,4,4,GARE4,315.0,291.0,340.0,396,0.8559,0.7348,0.10111,0,0,0
t1000,4,4,GARE5,197.0,194.0,340.0,396,0.5706,0.4899,0.06741,0,0,0
t1000,4,4,GARE6,320.0,105.0,340.0,396,0.3088,0.2652,0.03648,0,0,0
t1000,4,4,GARE7,338.0,233.0,340.0,396,0.6853,0.5884,0.08096,0,0,0
t1000,4,4,GARE8,336.0,94.0,340.0,396,0.2765,0.2374,0.03266,0,0,0
t1000,4,4,GARE9,325.0,477.0,340.0,396,1.4029,1.2045,0.16574,1,1,0
t1000,4,4,GARE10,316.0,748.0,340.0,396,2.2,1.8889,0.2599,1,1,0
t1000,4,4,GARE11,325.0,736.0,340.0,396,2.1647,1.8586,0.25573,1,1,0
t1000,4,6,GARE4,226.0,113.0,340.0,396,0.3324,0.2854,0.03926,0,0,0
t1000,4,6,GARE5,339.0,1147.0,340.0,396,3.3735,2.8965,0.39854,1,1,0
t1000,4,6,GARE6,286.0,308.0,340.0,396,0.9059,0.7778,0.10702,0,0,0
t1000,4,6,GARE7,320.0,95.0,340.0,396,0.2794,0.2399,0.03301,0,0,0
t1000,4,6,GARE8,339.0,145.0,340.0,396,0.4265,0.3662,0.05038,0,0,0
t1000,4,6,GARE9,339.0,244.0,340.0,396,0.7176,0.6162,0.08478,0,0,0
t1000,4,6,GARE10,293.0,434.0,340.0,396,1.2765,1.096,0.1508,1,1,0
t1000,4,6,GARE11,330.0,392.0,340.0,396,1.1529,0.9899,0.13621,1,0,0
t2000,0,1,GARE4,762.0,1303.0,762.0,1648,1.71,0.7907,0.10876,1,0,0
t2000,0,1,GARE5,683.0,1239.0,762.0,1648,1.626,0.7518,0.10342,1,0,0
t2000,0,1,GARE6,419.0,550.0,762.0,1648,0.7218,0.3337,0.04591,0,0,0
t2000,0,1,GARE7,653.0,1379.0,762.0,1648,1.8097,0.8368,0.11511,1,0,0
t2000,0,1,GARE8,745.0,1512.0,762.0,1648,1.9843,0.9175,0.12621,1,0,0
t2000,0,1,GARE9,755.0,1597.0,762.0,1648,2.0958,0.9691,0.13331,1,0,0
t2000,0,1,GARE10,761.0,1859.0,762.0,1648,2.4396,1.128,0.15518,1,1,0
t2000,0,1,GARE11,762.0,2541.0,762.0,1648,3.3346,1.5419,0.2121,1,1,0
t2000,0,2,GARE4,761.0,1230.0,762.0,1648,1.6142,0.7464,0.10267,1,0,0
t2000,0,2,GARE5,539.0,930.0,762.0,1648,1.2205,0.5643,0.07763,1,0,0
t2000,0,2,GARE6,756.0,1646.0,762.0,1648,2.1601,0.9988,0.1374,1,0,0
t2000,0,2,GARE7,707.0,1393.0,762.0,1648,1.8281,0.8453,0.11628,1,0,0
t2000,0,2,GARE8,611.0,1431.0,762.0,1648,1.878,0.8683,0.11945,1,0,0
t2000,0,2,GARE9,710.0,2030.0,762.0,1648,2.664,1.2318,0.16945,1,1,0
t2000,0,2,GARE10,703.0,1181.0,762.0,1648,1.5499,0.7166,0.09858,1,0,0
t2000,0,2,GARE11,753.0,2139.0,762.0,1648,2.8071,1.2979,0.17855,1,1,0
t2000,0,3,GARE4,664.0,1152.0,762.0,1648,1.5118,0.699,0.09616,1,0,0
t2000,0,3,GARE5,760.0,2182.0,762.0,1648,2.8635,1.324,0.18214,1,1,0
t2000,0,3,GARE6,762.0,2139.0,762.0,1648,2.8071,1.2979,0.17855,1,1,0
t2000,0,3,GARE7,752.0,1546.0,762.0,1648,2.0289,0.9381,0.12905,1,0,0
t2000,0,3,GARE8,649.0,1559.0,762.0,1648,2.0459,0.946,0.13013,1,0,0
t2000,0,3,GARE9,759.0,1340.0,762.0,1648,1.7585,0.8131,0.11185,1,0,0
t2000,0,3,GARE10,544.0,843.0,762.0,1648,1.1063,0.5115,0.07037,1,0,0
t2000,0,3,GARE11,650.0,1219.0,762.0,1648,1.5997,0.7397,0.10175,1,0,0
t2000,0,4,GARE4,406.0,622.0,762.0,1648,0.8163,0.3774,0.05192,0,0,0
t2000,0,4,GARE5,736.0,1671.0,762.0,1648,2.1929,1.014,0.13948,1,1,0
t2000,0,4,GARE6,673.0,1151.0,762.0,1648,1.5105,0.6984,0.09608,1,0,0
t2000,0,4,GARE7,753.0,2287.0,762.0,1648,3.0013,1.3877,0.1909,1,1,0
t2000,0,4,GARE8,759.0,1289.0,762.0,1648,1.6916,0.7822,0.1076,1,0,0
t2000,0,4,GARE9,753.0,1396.0,762.0,1648,1.832,0.8471,0.11653,1,0,0
t2000,0,4,GARE10,757.0,1501.0,762.0,1648,1.9698,0.9108,0.12529,1,0,0
t2000,0,4,GARE11,703.0,2063.0,762.0,1648,2.7073,1.2518,0.1722,1,1,0
t2000,0,6,GARE4,621.0,1207.0,762.0,1648,1.584,0.7324,0.10075,1,0,0
t2000,0,6,GARE5,755.0,2627.0,762.0,1648,3.4475,1.5941,0.21928,1,1,0
t2000,0,6,GARE6,741.0,1907.0,762.0,1648,2.5026,1.1572,0.15918,1,1,0
t2000,0,6,GARE7,539.0,826.0,762.0,1648,1.084,0.5012,0.06895,1,0,0
t2000,0,6,GARE8,761.0,1451.0,762.0,1648,1.9042,0.8805,0.12112,1,0,0
t2000,0,6,GARE9,751.0,1678.0,762.0,1648,2.2021,1.0182,0.14007,1,1,0
t2000,0,6,GARE10,669.0,1035.0,762.0,1648,1.3583,0.628,0.08639,1,0,0
t2000,0,6,GARE11,703.0,1249.0,762.0,1648,1.6391,0.7579,0.10426,1,0,0
t2000,1,1,GARE4,725.0,1400.0,726.0,1339,1.9284,1.0456,0.1438,1,1,0
t2000,1,1,GARE5,595.0,765.0,726.0,1339,1.0537,0.5713,0.07857,1,0,0
t2000,1,1,GARE6,725.0,1916.0,726.0,1339,2.6391,1.4309,0.1968,1,1,0
t2000,1,1,GARE7,725.0,1240.0,726.0,1339,1.708,0.9261,0.12736,1,0,0
t2000,1,1,GARE8,726.0,1989.0,726.0,1339,2.7397,1.4854,0.20429,1,1,0
t2000,1,1,GARE9,454.0,580.0,726.0,1339,0.7989,0.4332,0.05957,0,0,0
t2000,1,1,GARE10,704.0,876.0,726.0,1339,1.2066,0.6542,0.08998,1,0,0
t2000,1,1,GARE11,623.0,970.0,726.0,1339,1.3361,0.7244,0.09963,1,0,0
t2000,1,2,GARE4,716.0,1072.0,726.0,1339,1.4766,0.8006,0.11011,1,0,0
t2000,1,2,GARE5,715.0,1521.0,726.0,1339,2.095,1.1359,0.15622,1,1,0
t2000,1,2,GARE6,726.0,894.0,726.0,1339,1.2314,0.6677,0.09182,1,0,0
t2000,1,2,GARE7,375.0,560.0,726.0,1339,0.7713,0.4182,0.05752,0,0,0
t2000,1,2,GARE8,701.0,2120.0,726.0,1339,2.9201,1.5833,0.21775,1,1,0
t2000,1,2,GARE9,705.0,1655.0,726.0,1339,2.2796,1.236,0.16999,1,1,0
t2000,1,2,GARE10,647.0,886.0,726.0,1339,1.2204,0.6617,0.091,1,0,0
t2000,1,2,GARE11,692.0,1028.0,726.0,1339,1.416,0.7677,0.10559,1,0,0
t2000,1,3,GARE4,677.0,1000.0,726.0,1339,1.3774,0.7468,0.10271,1,0,0
t2000,1,3,GARE5,726.0,1036.0,726.0,1339,1.427,0.7737,0.10641,1,0,0
t2000,1,3,GARE6,722.0,1796.0,726.0,1339,2.4738,1.3413,0.18447,1,1,0
t2000,1,3,GARE7,717.0,962.0,726.0,1339,1.3251,0.7184,0.09881,1,0,0
t2000,1,3,GARE8,629.0,1176.0,726.0,1339,1.6198,0.8783,0.12079,1,0,0
t2000,1,3,GARE9,716.0,2101.0,726.0,1339,2.8939,1.5691,0.2158,1,1,0
t2000,1,3,GARE10,725.0,1130.0,726.0,1339,1.5565,0.8439,0.11606,1,0,0
t2000,1,3,GARE11,365.0,535.0,726.0,1339,0.7369,0.3996,0.05495,0,0,0
t2000,1,4,GARE4,706.0,1005.0,726.0,1339,1.3843,0.7506,0.10323,1,0,0
t2000,1,4,GARE5,653.0,867.0,726.0,1339,1.1942,0.6475,0.08905,1,0,0
t2000,1,4,GARE6,721.0,2145.0,726.0,1339,2.9545,1.6019,0.22032,1,1,0
t2000,1,4,GARE7,510.0,1135.0,726.0,1339,1.5634,0.8476,0.11658,1,0,0
t2000,1,4,GARE8,725.0,1062.0,726.0,1339,1.4628,0.7931,0.10908,1,0,0
t2000,1,4,GARE9,724.0,1365.0,726.0,1339,1.8802,1.0194,0.1402,1,1,0
t2000,1,4,GARE10,721.0,1448.0,726.0,1339,1.9945,1.0814,0.14873,1,1,0
t2000,1,4,GARE11,517.0,709.0,726.0,1339,0.9766,0.5295,0.07282,0,0,0
t2000,1,6,GARE4,724.0,1380.0,726.0,1339,1.9008,1.0306,0.14174,1,1,0
t2000,1,6,GARE5,597.0,948.0,726.0,1339,1.3058,0.708,0.09737,1,0,0
t2000,1,6,GARE6,507.0,708.0,726.0,1339,0.9752,0.5288,0.07272,0,0,0
t2000,1,6,GARE7,719.0,1078.0,726.0,1339,1.4848,0.8051,0.11072,1,0,0
t2000,1,6,GARE8,724.0,2103.0,726.0,1339,2.8967,1.5706,0.216,1,1,0
t2000,1,6,GARE9,598.0,836.0,726.0,1339,1.1515,0.6243,0.08587,1,0,0
t2000,1,6,GARE10,692.0,943.0,726.0,1339,1.2989,0.7043,0.09686,1,0,0
t2000,1,6,GARE11,716.0,1740.0,726.0,1339,2.3967,1.2995,0.17872,1,1,0
t2000,2,1,GARE4,703.0,1067.0,729.0,1022,1.4636,1.044,0.14361,1,1,0
t2000,2,1,GARE5,715.0,1438.0,729.0,1022,1.9726,1.407,0.19354,1,1,0
t2000,2,1,GARE6,475.0,471.0,729.0,1022,0.6461,0.4609,0.06339,0,0,0
t2000,2,1,GARE7,542.0,582.0,729.0,1022,0.7984,0.5695,0.07833,0,0,0
t2000,2,1,GARE8,721.0,722.0,729.0,1022,0.9904,0.7065,0.09717,0,0,0
t2000,2,1,GARE9,729.0,1716.0,729.0,1022,2.3539,1.6791,0.23096,1,1,0
t2000,2,1,GARE10,718.0,703.0,729.0,1022,0.9643,0.6879,0.09462,0,0,0
t2000,2,1,GARE11,698.0,731.0,729.0,1022,1.0027,0.7153,0.09838,1,0,0
t2000,2,2,GARE4,604.0,557.0,729.0,1022,0.7641,0.545,0.07497,0,0,0
t2000,2,2,GARE5,727.0,1904.0,729.0,1022,2.6118,1.863,0.25626,1,1,0
t2000,2,2,GARE6,490.0,469.0,729.0,1022,0.6433,0.4589,0.06312,0,0,0
t2000,2,2,GARE7,719.0,842.0,729.0,1022,1.155,0.8239,0.11332,1,0,0
t2000,2,2,GARE8,650.0,938.0,729.0,1022,1.2867,0.9178,0.12624,1,0,0
t2000,2,2,GARE9,653.0,1449.0,729.0,1022,1.9877,1.4178,0.19502,1,1,0
t2000,2,2,GARE10,729.0,603.0,729.0,1022,0.8272,0.59,0.08116,0,0,0
t2000,2,2,GARE11,729.0,668.0,729.0,1022,0.9163,0.6536,0.08991,0,0,0
t2000,2,3,GARE4,726.0,1505.0,729.0,1022,2.0645,1.4726,0.20256,1,1,0
t2000,2,3,GARE5,548.0,667.0,729.0,1022,0.915,0.6526,0.08977,0,0,0
t2000,2,3,GARE6,728.0,718.0,729.0,1022,0.9849,0.7025,0.09664,0,0,0
t2000,2,3,GARE7,729.0,715.0,729.0,1022,0.9808,0.6996,0.09623,0,0,0
t2000,2,3,GARE8,724.0,1754.0,729.0,1022,2.406,1.7162,0.23607,1,1,0
t2000,2,3,GARE9,726.0,705.0,729.0,1022,0.9671,0.6898,0.09489,0,0,0
t2000,2,3,GARE10,696.0,925.0,729.0,1022,1.2689,0.9051,0.1245,1,0,0
t2000,2,3,GARE11,424.0,441.0,729.0,1022,0.6049,0.4315,0.05935,0,0,0
t2000,2,4,GARE4,727.0,950.0,729.0,1022,1.3032,0.9295,0.12786,1,0,0
t2000,2,4,GARE5,725.0,755.0,729.0,1022,1.0357,0.7387,0.10162,1,0,0
t2000,2,4,GARE6,727.0,824.0,729.0,1022,1.1303,0.8063,0.1109,1,0,0
t2000,2,4,GARE7,695.0,1750.0,729.0,1022,2.4005,1.7123,0.23553,1,1,0
t2000,2,4,GARE8,722.0,1559.0,729.0,1022,2.1385,1.5254,0.20983,1,1,0
t2000,2,4,GARE9,705.0,629.0,729.0,1022,0.8628,0.6155,0.08466,0,0,0
t2000,2,4,GARE10,685.0,581.0,729.0,1022,0.797,0.5685,0.0782,0,0,0
t2000,2,4,GARE11,315.0,382.0,729.0,1022,0.524,0.3738,0.05141,0,0,0
t2000,2,6,GARE4,701.0,736.0,729.0,1022,1.0096,0.7202,0.09906,1,0,0
t2000,2,6,GARE5,624.0,515.0,729.0,1022,0.7064,0.5039,0.06931,0,0,0
t2000,2,6,GARE6,618.0,897.0,729.0,1022,1.2305,0.8777,0.12073,1,0,0
t2000,2,6,GARE7,707.0,1011.0,729.0,1022,1.3868,0.9892,0.13607,1,0,0
t2000,2,6,GARE8,584.0,608.0,729.0,1022,0.834,0.5949,0.08183,0,0,0
t2000,2,6,GARE9,697.0,1658.0,729.0,1022,2.2743,1.6223,0.22315,1,1,0
t2000,2,6,GARE10,729.0,1450.0,729.0,1022,1.989,1.4188,0.19515,1,1,0
t2000,2,6,GARE11,641.0,555.0,729.0,1022,0.7613,0.5431,0.0747,0,0,0
t2000,3,1,GARE4,513.0,300.0,707.0,702,0.4243,0.4274,0.05884,0,0,0
t2000,3,1,GARE5,667.0,1008.0,707.0,702,1.4257,1.4359,0.19769,1,1,0
t2000,3,1,GARE6,595.0,394.0,707.0,702,0.5573,0.5613,0.07727,0,0,0
t2000,3,1,GARE7,704.0,436.0,707.0,702,0.6167,0.6211,0.08551,0,0,0
t2000,3,1,GARE8,552.0,197.0,707.0,702,0.2786,0.2806,0.03864,0,0,0
t2000,3,1,GARE9,706.0,1458.0,707.0,702,2.0622,2.0769,0.28594,1,1,0
t2000,3,1,GARE10,700.0,788.0,707.0,702,1.1146,1.1225,0.15454,1,1,0
t2000,3,1,GARE11,704.0,518.0,707.0,702,0.7327,0.7379,0.10159,0,0,0
t2000,3,2,GARE4,699.0,749.0,707.0,702,1.0594,1.067,0.14689,1,1,0
t2000,3,2,GARE5,578.0,325.0,707.0,702,0.4597,0.463,0.06374,0,0,0
t2000,3,2,GARE6,340.0,214.0,707.0,702,0.3027,0.3048,0.04197,0,0,0
t2000,3,2,GARE7,702.0,1329.0,707.0,702,1.8798,1.8932,0.26064,1,1,0
t2000,3,2,GARE8,706.0,1275.0,707.0,702,1.8034,1.8162,0.25005,1,1,0
t2000,3,2,GARE9,706.0,409.0,707.0,702,0.5785,0.5826,0.08021,0,0,0
t2000,3,2,GARE10,703.0,332.0,707.0,702,0.4696,0.4729,0.06511,0,0,0
t2000,3,2,GARE11,707.0,466.0,707.0,702,0.6591,0.6638,0.09139,0,0,0
t2000,3,3,GARE4,707.0,1081.0,707.0,702,1.529,1.5399,0.212,1,1,0
t2000,3,3,GARE5,707.0,453.0,707.0,702,0.6407,0.6453,0.08884,0,0,0
t2000,3,3,GARE6,707.0,431.0,707.0,702,0.6096,0.614,0.08453,0,0,0
t2000,3,3,GARE7,587.0,274.0,707.0,702,0.3876,0.3903,0.05374,0,0,0
t2000,3,3,GARE8,693.0,1407.0,707.0,702,1.9901,2.0043,0.27594,1,1,0
t2000,3,3,GARE9,706.0,389.0,707.0,702,0.5502,0.5541,0.07629,0,0,0
t2000,3,3,GARE10,703.0,835.0,707.0,702,1.181,1.1895,0.16376,1,1,0
t2000,3,3,GARE11,331.0,229.0,707.0,702,0.3239,0.3262,0.04491,0,0,0
t2000,3,4,GARE4,705.0,1330.0,707.0,702,1.8812,1.8946,0.26084,1,1,0
t2000,3,4,GARE5,683.0,1332.0,707.0,702,1.884,1.8974,0.26123,1,1,0
t2000,3,4,GARE6,659.0,354.0,707.0,702,0.5007,0.5043,0.06943,0,0,0
t2000,3,4,GARE7,675.0,390.0,707.0,702,0.5516,0.5556,0.07649,0,0,0
t2000,3,4,GARE8,694.0,287.0,707.0,702,0.4059,0.4088,0.05629,0,0,0
t2000,3,4,GARE9,699.0,543.0,707.0,702,0.768,0.7735,0.10649,0,0,0
t2000,3,4,GARE10,685.0,656.0,707.0,702,0.9279,0.9345,0.12865,0,0,0
t2000,3,4,GARE11,341.0,207.0,707.0,702,0.2928,0.2949,0.0406,0,0,0
t2000,3,6,GARE4,682.0,1469.0,707.0,702,2.0778,2.0926,0.2881,1,1,0
t2000,3,6,GARE5,608.0,550.0,707.0,702,0.7779,0.7835,0.10786,0,0,0
t2000,3,6,GARE6,651.0,319.0,707.0,702,0.4512,0.4544,0.06256,0,0,0
t2000,3,6,GARE7,707.0,494.0,707.0,702,0.6987,0.7037,0.09688,0,0,0
t2000,3,6,GARE8,683.0,1001.0,707.0,702,1.4158,1.4259,0.19631,1,1,0
t2000,3,6,GARE9,670.0,639.0,707.0,702,0.9038,0.9103,0.12532,0,0,0
t2000,3,6,GARE10,464.0,260.0,707.0,702,0.3678,0.3704,0.05099,0,0,0
t2000,3,6,GARE11,676.0,367.0,707.0,702,0.5191,0.5228,0.07197,0,0,0
t2000,4,1,GARE4,689.0,1064.0,691.0,396,1.5398,2.6869,0.3697,1,1,0
t2000,4,1,GARE5,691.0,139.0,691.0,396,0.2012,0.351,0.0483,0,0,0
t2000,4,1,GARE6,683.0,282.0,691.0,396,0.4081,0.7121,0.09798,0,0,0
t2000,4,1,GARE7,513.0,141.0,691.0,396,0.2041,0.3561,0.04899,0,0,0
t2000,4,1,GARE8,690.0,370.0,691.0,396,0.5355,0.9343,0.12856,0,0,0
t2000,4,1,GARE9,631.0,619.0,691.0,396,0.8958,1.5631,0.21508,0,1,0
t2000,4,1,GARE10,691.0,170.0,691.0,396,0.246,0.4293,0.05907,0,0,0
t2000,4,1,GARE11,433.0,93.0,691.0,396,0.1346,0.2348,0.03231,0,0,0
t2000,4,2,GARE4,689.0,145.0,691.0,396,0.2098,0.3662,0.05038,0,0,0
t2000,4,2,GARE5,684.0,256.0,691.0,396,0.3705,0.6465,0.08895,0,0,0
t2000,4,2,GARE6,322.0,85.0,691.0,396,0.123,0.2146,0.02953,0,0,0
t2000,4,2,GARE7,682.0,1121.0,691.0,396,1.6223,2.8308,0.38951,1,1,0
t2000,4,2,GARE8,660.0,179.0,691.0,396,0.259,0.452,0.0622,0,0,0
t2000,4,2,GARE9,657.0,128.0,691.0,396,0.1852,0.3232,0.04448,0,0,0
t2000,4,2,GARE10,644.0,215.0,691.0,396,0.3111,0.5429,0.0747,0,0,0
t2000,4,2,GARE11,683.0,749.0,691.0,396,1.0839,1.8914,0.26025,1,1,0
t2000,4,3,GARE4,685.0,96.0,691.0,396,0.1389,0.2424,0.03336,0,0,0
t2000,4,3,GARE5,499.0,121.0,691.0,396,0.1751,0.3056,0.04204,0,0,0
t2000,4,3,GARE6,554.0,105.0,691.0,396,0.152,0.2652,0.03648,0,0,0
t2000,4,3,GARE7,691.0,582.0,691.0,396,0.8423,1.4697,0.20222,0,1,0
t2000,4,3,GARE8,684.0,1209.0,691.0,396,1.7496,3.053,0.42008,1,1,0
t2000,4,3,GARE9,635.0,382.0,691.0,396,0.5528,0.9646,0.13273,0,0,0
t2000,4,3,GARE10,690.0,260.0,691.0,396,0.3763,0.6566,0.09034,0,0,0
t2000,4,3,GARE11,583.0,123.0,691.0,396,0.178,0.3106,0.04274,0,0,0
t2000,4,4,GARE4,681.0,454.0,691.0,396,0.657,1.1465,0.15775,0,1,0
t2000,4,4,GARE5,553.0,91.0,691.0,396,0.1317,0.2298,0.03162,0,0,0
t2000,4,4,GARE6,522.0,131.0,691.0,396,0.1896,0.3308,0.04552,0,0,0
t2000,4,4,GARE7,685.0,173.0,691.0,396,0.2504,0.4369,0.06011,0,0,0
t2000,4,4,GARE8,580.0,114.0,691.0,396,0.165,0.2879,0.03961,0,0,0
t2000,4,4,GARE9,679.0,115.0,691.0,396,0.1664,0.2904,0.03996,0,0,0
t2000,4,4,GARE10,631.0,1168.0,691.0,396,1.6903,2.9495,0.40584,1,1,0
t2000,4,4,GARE11,690.0,632.0,691.0,396,0.9146,1.596,0.2196,0,1,0
t2000,4,6,GARE4,588.0,451.0,691.0,396,0.6527,1.1389,0.15671,0,1,0
t2000,4,6,GARE5,691.0,138.0,691.0,396,0.1997,0.3485,0.04795,0,0,0
t2000,4,6,GARE6,661.0,320.0,691.0,396,0.4631,0.8081,0.11119,0,0,0
t2000,4,6,GARE7,641.0,114.0,691.0,396,0.165,0.2879,0.03961,0,0,0
t2000,4,6,GARE8,691.0,1191.0,691.0,396,1.7236,3.0076,0.41383,1,1,0
t2000,4,6,GARE9,688.0,273.0,691.0,396,0.3951,0.6894,0.09486,0,0,0
t2000,4,6,GARE10,686.0,258.0,691.0,396,0.3734,0.6515,0.08965,0,0,0
t2000,4,6,GARE11,375.0,133.0,691.0,396,0.1925,0.3359,0.04621,0,0,0
