family,fold,k,station,model,n_products,GammaCover,GammaCover_frac,GammaBind,GammaBind_frac,Wbar,Wn,T_s_stored,viol_asrun_flag,viol_norm_flag
iscf480-temporal,r0f0,1,GARE4,M1_prop,60,0.0,0.0,1.0,0.016666666666666666,45346.0,32654.56825581268,45365.0,False,False
iscf480-temporal,r0f0,1,GARE5,M1_prop,60,1.0,0.016666666666666666,1.0,0.016666666666666666,45154.0,48174.43934095568,45365.0,True,True
iscf480-temporal,r0f0,1,GARE6,M1_prop,60,0.0,0.0,4.0,0.06666666666666667,39645.0,29215.15144207053,45365.0,False,False
iscf480-temporal,r0f0,1,GARE7,M1_prop,60,2.0,0.03333333333333333,2.0,0.03333333333333333,41115.0,46486.376462076456,45365.0,True,True
iscf480-temporal,r0f0,1,GARE8,M1_prop,60,0.0,0.0,31.0,0.5166666666666667,29263.0,24144.633699834474,45365.0,False,False
iscf480-temporal,r0f0,1,GARE9,M1_prop,60,0.0,0.0,1.0,0.016666666666666666,44960.0,43600.304309220264,45365.0,True,False
iscf480-temporal,r0f0,1,GARE10,M1_prop,60,46.0,0.7666666666666667,1.0,0.016666666666666666,45361.0,77774.76206658408,45365.0,True,True
iscf480-temporal,r0f0,1,GARE11,M1_prop,60,0.0,0.0,4.0,0.06666666666666667,39076.0,27869.764423445842,45365.0,False,False
iscf480-temporal,r0f0,1,GARE4,M2_sqrt,60,0.0,0.0,1.0,0.016666666666666666,45346.0,32654.56825581268,45365.0,False,False
iscf480-temporal,r0f0,1,GARE5,M2_sqrt,60,1.0,0.016666666666666666,1.0,0.016666666666666666,45154.0,48174.43934095568,45365.0,True,True
iscf480-temporal,r0f0,1,GARE6,M2_sqrt,60,0.0,0.0,3.0,0.05,39645.0,29215.15144207053,45365.0,False,False
iscf480-temporal,r0f0,1,GARE7,M2_sqrt,60,2.0,0.03333333333333333,2.0,0.03333333333333333,41115.0,46486.376462076456,45365.0,True,True
iscf480-temporal,r0f0,1,GARE8,M2_sqrt,60,0.0,0.0,12.0,0.2,29263.0,24144.633699834474,45365.0,False,False
iscf480-temporal,r0f0,1,GARE9,M2_sqrt,60,0.0,0.0,1.0,0.016666666666666666,44960.0,43600.304309220264,45365.0,True,False
iscf480-temporal,r0f0,1,GARE10,M2_sqrt,60,24.0,0.4,1.0,0.016666666666666666,45361.0,77774.76206658408,45365.0,True,True
iscf480-temporal,r0f0,1,GARE11,M2_sqrt,60,0.0,0.0,3.0,0.05,39076.0,27869.764423445842,45365.0,False,False
iscf480-temporal,r0f0,1,GARE4,M3_empirical,60,0.0,0.0,1.0,0.016666666666666666,45346.0,32654.56825581268,45365.0,False,False
iscf480-temporal,r0f0,1,GARE5,M3_empirical,60,8.0,0.13333333333333333,1.0,0.016666666666666666,45154.0,48174.43934095568,45365.0,True,True
iscf480-temporal,r0f0,1,GARE6,M3_empirical,60,0.0,0.0,inf,inf,39645.0,29215.15144207053,45365.0,False,False
iscf480-temporal,r0f0,1,GARE7,M3_empirical,60,44.0,0.7333333333333333,26.0,0.43333333333333335,41115.0,46486.376462076456,45365.0,True,True
iscf480-temporal,r0f0,1,GARE8,M3_empirical,60,0.0,0.0,inf,inf,29263.0,24144.633699834474,45365.0,False,False
iscf480-temporal,r0f0,1,GARE9,M3_empirical,60,0.0,0.0,1.0,0.016666666666666666,44960.0,43600.304309220264,45365.0,True,False
iscf480-temporal,r0f0,1,GARE10,M3_empirical,60,inf,inf,1.0,0.016666666666666666,45361.0,77774.76206658408,45365.0,True,True
iscf480-temporal,r0f0,1,GARE11,M3_empirical,60,0.0,0.0,inf,inf,39076.0,27869.764423445842,45365.0,False,False
iscf480-temporal,r0f0,2,GARE4,M1_prop,60,0.0,0.0,4.0,0.06666666666666667,39638.0,29981.877377415785,45365.0,False,False
iscf480-temporal,r0f0,2,GARE5,M1_prop,60,0.0,0.0,2.0,0.03333333333333333,40772.0,40303.74445041273,45365.0,False,False
iscf480-temporal,r0f0,2,GARE6,M1_prop,60,9.0,0.15,1.0,0.016666666666666666,44936.0,64911.30701687075,45365.0,True,True
iscf480-temporal,r0f0,2,GARE7,M1_prop,60,0.0,0.0,1.0,0.016666666666666666,42630.0,34360.71429354439,45365.0,False,False
iscf480-temporal,r0f0,2,GARE8,M1_prop,60,0.0,0.0,5.0,0.08333333333333333,38309.0,31561.441303180123,45365.0,False,False
iscf480-temporal,r0f0,2,GARE9,M1_prop,60,19.0,0.31666666666666665,1.0,0.016666666666666666,45131.0,69923.95865077886,45365.0,True,True
iscf480-temporal,r0f0,2,GARE10,M1_prop,60,0.0,0.0,1.0,0.016666666666666666,45336.0,33033.41043377219,45365.0,False,False
iscf480-temporal,r0f0,2,GARE11,M1_prop,60,0.0,0.0,11.0,0.18333333333333332,33168.0,25843.546474025192,45365.0,False,False
iscf480-temporal,r0f0,2,GARE4,M2_sqrt,60,0.0,0.0,3.0,0.05,39638.0,29981.877377415785,45365.0,False,False
iscf480-temporal,r0f0,2,GARE5,M2_sqrt,60,0.0,0.0,2.0,0.03333333333333333,40772.0,40303.74445041273,45365.0,False,False
iscf480-temporal,r0f0,2,GARE6,M2_sqrt,60,9.0,0.15,1.0,0.016666666666666666,44936.0,64911.30701687075,45365.0,True,True
iscf480-temporal,r0f0,2,GARE7,M2_sqrt,60,0.0,0.0,1.0,0.016666666666666666,42630.0,34360.71429354439,45365.0,False,False
iscf480-temporal,r0f0,2,GARE8,M2_sqrt,60,0.0,0.0,4.0,0.06666666666666667,38309.0,31561.441303180123,45365.0,False,False
iscf480-temporal,r0f0,2,GARE9,M2_sqrt,60,13.0,0.21666666666666667,1.0,0.016666666666666666,45131.0,69923.95865077886,45365.0,True,True
iscf480-temporal,r0f0,2,GARE10,M2_sqrt,60,0.0,0.0,1.0,0.016666666666666666,45336.0,33033.41043377219,45365.0,False,False
iscf480-temporal,r0f0,2,GARE11,M2_sqrt,60,0.0,0.0,7.0,0.11666666666666667,33168.0,25843.546474025192,45365.0,False,False
iscf480-temporal,r0f0,2,GARE4,M3_empirical,60,0.0,0.0,inf,inf,39638.0,29981.877377415785,45365.0,False,False
iscf480-temporal,r0f0,2,GARE5,M3_empirical,60,0.0,0.0,43.0,0.7166666666666667,40772.0,40303.74445041273,45365.0,False,False
iscf480-temporal,r0f0,2,GARE6,M3_empirical,60,inf,inf,1.0,0.016666666666666666,44936.0,64911.30701687075,45365.0,True,True
iscf480-temporal,r0f0,2,GARE7,M3_empirical,60,0.0,0.0,16.0,0.26666666666666666,42630.0,34360.71429354439,45365.0,False,False
iscf480-temporal,r0f0,2,GARE8,M3_empirical,60,0.0,0.0,inf,inf,38309.0,31561.441303180123,45365.0,False,False
iscf480-temporal,r0f0,2,GARE9,M3_empirical,60,inf,inf,1.0,0.016666666666666666,45131.0,69923.95865077886,45365.0,True,True
iscf480-temporal,r0f0,2,GARE10,M3_empirical,60,0.0,0.0,1.0,0.016666666666666666,45336.0,33033.41043377219,45365.0,False,False
iscf480-temporal,r0f0,2,GARE11,M3_empirical,60,0.0,0.0,inf,inf,33168.0,25843.546474025192,45365.0,False,False
iscf480-temporal,r0f1,1,GARE4,M1_prop,60,51.0,0.85,1.0,0.016666666666666666,54071.0,103321.32590310539,54208.0,True,True
iscf480-temporal,r0f1,1,GARE5,M1_prop,60,0.0,0.0,10.0,0.16666666666666666,39550.0,28867.38088457418,54208.0,False,False
iscf480-temporal,r0f1,1,GARE6,M1_prop,60,0.0,0.0,1.0,0.016666666666666666,53513.0,33246.870401298846,54208.0,False,False
iscf480-temporal,r0f1,1,GARE7,M1_prop,60,0.0,0.0,1.0,0.016666666666666666,54191.0,34784.08564945737,54208.0,False,False
iscf480-temporal,r0f1,1,GARE8,M1_prop,60,0.0,0.0,27.0,0.45,35339.0,22519.154091837616,54208.0,False,False
iscf480-temporal,r0f1,1,GARE9,M1_prop,60,11.0,0.18333333333333332,1.0,0.016666666666666666,53676.0,79969.29494899759,54208.0,True,True
iscf480-temporal,r0f1,1,GARE10,M1_prop,60,0.0,0.0,1.0,0.016666666666666666,51820.0,34108.60283989966,54208.0,False,False
iscf480-temporal,r0f1,1,GARE11,M1_prop,60,2.0,0.03333333333333333,1.0,0.016666666666666666,52078.0,57421.28528082934,54208.0,False,True
iscf480-temporal,r0f1,1,GARE4,M2_sqrt,60,23.0,0.38333333333333336,1.0,0.016666666666666666,54071.0,103321.32590310539,54208.0,True,True
iscf480-temporal,r0f1,1,GARE5,M2_sqrt,60,0.0,0.0,5.0,0.08333333333333333,39550.0,28867.38088457418,54208.0,False,False
iscf480-temporal,r0f1,1,GARE6,M2_sqrt,60,0.0,0.0,1.0,0.016666666666666666,53513.0,33246.870401298846,54208.0,False,False
iscf480-temporal,r0f1,1,GARE7,M2_sqrt,60,0.0,0.0,1.0,0.016666666666666666,54191.0,34784.08564945737,54208.0,False,False
iscf480-temporal,r0f1,1,GARE8,M2_sqrt,60,0.0,0.0,9.0,0.15,35339.0,22519.154091837616,54208.0,False,False
iscf480-temporal,r0f1,1,GARE9,M2_sqrt,60,8.0,0.13333333333333333,1.0,0.016666666666666666,53676.0,79969.29494899759,54208.0,True,True
iscf480-temporal,r0f1,1,GARE10,M2_sqrt,60,0.0,0.0,1.0,0.016666666666666666,51820.0,34108.60283989966,54208.0,False,False
iscf480-temporal,r0f1,1,GARE11,M2_sqrt,60,2.0,0.03333333333333333,1.0,0.016666666666666666,52078.0,57421.28528082934,54208.0,False,True
iscf480-temporal,r0f1,1,GARE4,M3_empirical,60,inf,inf,1.0,0.016666666666666666,54071.0,103321.32590310539,54208.0,True,True
iscf480-temporal,r0f1,1,GARE5,M3_empirical,60,0.0,0.0,inf,inf,39550.0,28867.38088457418,54208.0,False,False
iscf480-temporal,r0f1,1,GARE6,M3_empirical,60,0.0,0.0,2.0,0.03333333333333333,53513.0,33246.870401298846,54208.0,False,False
iscf480-temporal,r0f1,1,GARE7,M3_empirical,60,0.0,0.0,1.0,0.016666666666666666,54191.0,34784.08564945737,54208.0,False,False
iscf480-temporal,r0f1,1,GARE8,M3_empirical,60,0.0,0.0,inf,inf,35339.0,22519.154091837616,54208.0,False,False
iscf480-temporal,r0f1,1,GARE9,M3_empirical,60,inf,inf,1.0,0.016666666666666666,53676.0,79969.29494899759,54208.0,True,True
iscf480-temporal,r0f1,1,GARE10,M3_empirical,60,0.0,0.0,7.0,0.11666666666666667,51820.0,34108.60283989966,54208.0,False,False
iscf480-temporal,r0f1,1,GARE11,M3_empirical,60,34.0,0.5666666666666667,6.0,0.1,52078.0,57421.28528082934,54208.0,False,True
iscf480-temporal,r0f1,2,GARE4,M1_prop,60,17.0,0.2833333333333333,1.0,0.016666666666666666,54111.0,92719.52483581414,54208.0,True,True
iscf480-temporal,r0f1,2,GARE5,M1_prop,60,8.0,0.13333333333333333,2.0,0.03333333333333333,47434.0,66139.60418399461,54208.0,False,True
iscf480-temporal,r0f1,2,GARE6,M1_prop,60,0.0,0.0,8.0,0.13333333333333333,41427.0,28388.640640907062,54208.0,False,False
iscf480-temporal,r0f1,2,GARE7,M1_prop,60,0.0,0.0,1.0,0.016666666666666666,54046.0,33704.62477127097,54208.0,False,False
iscf480-temporal,r0f1,2,GARE8,M1_prop,60,0.0,0.0,2.0,0.03333333333333333,48023.0,29158.55988209226,54208.0,False,False
iscf480-temporal,r0f1,2,GARE9,M1_prop,60,2.0,0.03333333333333333,1.0,0.016666666666666666,53707.0,58217.436864133284,54208.0,False,True
iscf480-temporal,r0f1,2,GARE10,M1_prop,60,2.0,0.03333333333333333,1.0,0.016666666666666666,51256.0,57897.40229028458,54208.0,False,True
iscf480-temporal,r0f1,2,GARE11,M1_prop,60,0.0,0.0,4.0,0.06666666666666667,44234.0,28012.206531503056,54208.0,False,False
iscf480-temporal,r0f1,2,GARE4,M2_sqrt,60,15.0,0.25,1.0,0.016666666666666666,54111.0,92719.52483581414,54208.0,True,True
iscf480-temporal,r0f1,2,GARE5,M2_sqrt,60,6.0,0.1,2.0,0.03333333333333333,47434.0,66139.60418399461,54208.0,False,True
iscf480-temporal,r0f1,2,GARE6,M2_sqrt,60,0.0,0.0,5.0,0.08333333333333333,41427.0,28388.640640907062,54208.0,False,False
iscf480-temporal,r0f1,2,GARE7,M2_sqrt,60,0.0,0.0,1.0,0.016666666666666666,54046.0,33704.62477127097,54208.0,False,False
iscf480-temporal,r0f1,2,GARE8,M2_sqrt,60,0.0,0.0,2.0,0.03333333333333333,48023.0,29158.55988209226,54208.0,False,False
iscf480-temporal,r0f1,2,GARE9,M2_sqrt,60,2.0,0.03333333333333333,1.0,0.016666666666666666,53707.0,58217.436864133284,54208.0,False,True
iscf480-temporal,r0f1,2,GARE10,M2_sqrt,60,2.0,0.03333333333333333,1.0,0.016666666666666666,51256.0,57897.40229028458,54208.0,False,True
iscf480-temporal,r0f1,2,GARE11,M2_sqrt,60,0.0,0.0,3.0,0.05,44234.0,28012.206531503056,54208.0,False,False
iscf480-temporal,r0f1,2,GARE4,M3_empirical,60,inf,inf,1.0,0.016666666666666666,54111.0,92719.52483581414,54208.0,True,True
iscf480-temporal,r0f1,2,GARE5,M3_empirical,60,inf,inf,inf,inf,47434.0,66139.60418399461,54208.0,False,True
iscf480-temporal,r0f1,2,GARE6,M3_empirical,60,0.0,0.0,inf,inf,41427.0,28388.640640907062,54208.0,False,False
iscf480-temporal,r0f1,2,GARE7,M3_empirical,60,0.0,0.0,1.0,0.016666666666666666,54046.0,33704.62477127097,54208.0,False,False
iscf480-temporal,r0f1,2,GARE8,M3_empirical,60,0.0,0.0,inf,inf,48023.0,29158.55988209226,54208.0,False,False
iscf480-temporal,r0f1,2,GARE9,M3_empirical,60,11.0,0.18333333333333332,1.0,0.016666666666666666,53707.0,58217.436864133284,54208.0,False,True
iscf480-temporal,r0f1,2,GARE10,M3_empirical,60,inf,inf,14.0,0.23333333333333334,51256.0,57897.40229028458,54208.0,False,True
iscf480-temporal,r0f1,2,GARE11,M3_empirical,60,0.0,0.0,inf,inf,44234.0,28012.206531503056,54208.0,False,False
iscf480-temporal,r0f2,1,GARE4,M1_prop,60,0.0,0.0,17.0,0.2833333333333333,39382.0,22939.07379450057,63569.0,False,False
iscf480-temporal,r0f2,1,GARE5,M1_prop,60,4.0,0.06666666666666667,1.0,0.016666666666666666,63417.0,101185.65439554058,63569.0,False,True
iscf480-temporal,r0f2,1,GARE6,M1_prop,60,0.0,0.0,2.0,0.03333333333333333,57503.0,28892.574742899906,63569.0,False,False
iscf480-temporal,r0f2,1,GARE7,M1_prop,60,0.0,0.0,1.0,0.016666666666666666,63375.0,35410.80323617079,63569.0,False,False
iscf480-temporal,r0f2,1,GARE8,M1_prop,60,2.0,0.03333333333333333,1.0,0.016666666666666666,62046.0,69244.74399669674,63569.0,False,True
iscf480-temporal,r0f2,1,GARE9,M1_prop,60,0.0,0.0,1.0,0.016666666666666666,59507.0,34126.24691931509,63569.0,False,False
iscf480-temporal,r0f2,1,GARE10,M1_prop,60,0.0,0.0,2.0,0.03333333333333333,53645.0,27192.426676473242,63569.0,False,False
iscf480-temporal,r0f2,1,GARE11,M1_prop,60,inf,inf,1.0,0.016666666666666666,63440.0,143323.47623840306,63569.0,True,True
iscf480-temporal,r0f2,1,GARE4,M2_sqrt,60,0.0,0.0,6.0,0.1,39382.0,22939.07379450057,63569.0,False,False
iscf480-temporal,r0f2,1,GARE5,M2_sqrt,60,6.0,0.1,1.0,0.016666666666666666,63417.0,101185.65439554058,63569.0,False,True
iscf480-temporal,r0f2,1,GARE6,M2_sqrt,60,0.0,0.0,2.0,0.03333333333333333,57503.0,28892.574742899906,63569.0,False,False
iscf480-temporal,r0f2,1,GARE7,M2_sqrt,60,0.0,0.0,1.0,0.016666666666666666,63375.0,35410.80323617079,63569.0,False,False
iscf480-temporal,r0f2,1,GARE8,M2_sqrt,60,1.0,0.016666666666666666,1.0,0.016666666666666666,62046.0,69244.74399669674,63569.0,False,True
iscf480-temporal,r0f2,1,GARE9,M2_sqrt,60,0.0,0.0,1.0,0.016666666666666666,59507.0,34126.24691931509,63569.0,False,False
iscf480-temporal,r0f2,1,GARE10,M2_sqrt,60,0.0,0.0,2.0,0.03333333333333333,53645.0,27192.426676473242,63569.0,False,False
iscf480-temporal,r0f2,1,GARE11,M2_sqrt,60,20.0,0.3333333333333333,1.0,0.016666666666666666,63440.0,143323.47623840306,63569.0,True,True
iscf480-temporal,r0f2,1,GARE4,M3_empirical,60,0.0,0.0,inf,inf,39382.0,22939.07379450057,63569.0,False,False
iscf480-temporal,r0f2,1,GARE5,M3_empirical,60,inf,inf,1.0,0.016666666666666666,63417.0,101185.65439554058,63569.0,False,True
iscf480-temporal,r0f2,1,GARE6,M3_empirical,60,0.0,0.0,51.0,0.85,57503.0,28892.574742899906,63569.0,False,False
iscf480-temporal,r0f2,1,GARE7,M3_empirical,60,0.0,0.0,1.0,0.016666666666666666,63375.0,35410.80323617079,63569.0,False,False
iscf480-temporal,r0f2,1,GARE8,M3_empirical,60,28.0,0.4666666666666667,3.0,0.05,62046.0,69244.74399669674,63569.0,False,True
iscf480-temporal,r0f2,1,GARE9,M3_empirical,60,0.0,0.0,16.0,0.26666666666666666,59507.0,34126.24691931509,63569.0,False,False
iscf480-temporal,r0f2,1,GARE10,M3_empirical,60,0.0,0.0,inf,inf,53645.0,27192.426676473242,63569.0,False,False
iscf480-temporal,r0f2,1,GARE11,M3_empirical,60,inf,inf,1.0,0.016666666666666666,63440.0,143323.47623840306,63569.0,True,True
iscf480-temporal,r0f2,2,GARE4,M1_prop,60,0.0,0.0,1.0,0.016666666666666666,58896.0,46719.27347449644,63569.0,False,False
iscf480-temporal,r0f2,2,GARE5,M1_prop,60,0.0,0.0,1.0,0.016666666666666666,62283.0,38168.82121059627,63569.0,False,False
iscf480-temporal,r0f2,2,GARE6,M1_prop,60,0.0,0.0,1.0,0.016666666666666666,63098.0,35585.78923599014,63569.0,False,False
iscf480-temporal,r0f2,2,GARE7,M1_prop,60,3.0,0.05,1.0,0.016666666666666666,63220.0,95675.58387850165,63569.0,False,True
iscf480-temporal,r0f2,2,GARE8,M1_prop,60,2.0,0.03333333333333333,2.0,0.03333333333333333,55313.0,67069.34986257886,63569.0,False,True
iscf480-temporal,r0f2,2,GARE9,M1_prop,60,36.0,0.6,1.0,0.016666666666666666,62229.0,125950.1503245203,63569.0,False,True
iscf480-temporal,r0f2,2,GARE10,M1_prop,60,0.0,0.0,6.0,0.1,50600.0,29628.311333049456,63569.0,False,False
iscf480-temporal,r0f2,2,GARE11,M1_prop,60,0.0,0.0,6.0,0.1,46676.0,23517.72068026684,63569.0,False,False
iscf480-temporal,r0f2,2,GARE4,M2_sqrt,60,0.0,0.0,1.0,0.016666666666666666,58896.0,46719.27347449644,63569.0,False,False
iscf480-temporal,r0f2,2,GARE5,M2_sqrt,60,0.0,0.0,1.0,0.016666666666666666,62283.0,38168.82121059627,63569.0,False,False
iscf480-temporal,r0f2,2,GARE6,M2_sqrt,60,0.0,0.0,1.0,0.016666666666666666,63098.0,35585.78923599014,63569.0,False,False
iscf480-temporal,r0f2,2,GARE7,M2_sqrt,60,5.0,0.08333333333333333,1.0,0.016666666666666666,63220.0,95675.58387850165,63569.0,False,True
iscf480-temporal,r0f2,2,GARE8,M2_sqrt,60,2.0,0.03333333333333333,2.0,0.03333333333333333,55313.0,67069.34986257886,63569.0,False,True
iscf480-temporal,r0f2,2,GARE9,M2_sqrt,60,14.0,0.23333333333333334,1.0,0.016666666666666666,62229.0,125950.1503245203,63569.0,False,True
iscf480-temporal,r0f2,2,GARE10,M2_sqrt,60,0.0,0.0,3.0,0.05,50600.0,29628.311333049456,63569.0,False,False
iscf480-temporal,r0f2,2,GARE11,M2_sqrt,60,0.0,0.0,4.0,0.06666666666666667,46676.0,23517.72068026684,63569.0,False,False
iscf480-temporal,r0f2,2,GARE4,M3_empirical,60,0.0,0.0,21.0,0.35,58896.0,46719.27347449644,63569.0,False,False
iscf480-temporal,r0f2,2,GARE5,M3_empirical,60,0.0,0.0,3.0,0.05,62283.0,38168.82121059627,63569.0,False,False
iscf480-temporal,r0f2,2,GARE6,M3_empirical,60,0.0,0.0,1.0,0.016666666666666666,63098.0,35585.78923599014,63569.0,False,False
iscf480-temporal,r0f2,2,GARE7,M3_empirical,60,inf,inf,1.0,0.016666666666666666,63220.0,95675.58387850165,63569.0,False,True
iscf480-temporal,r0f2,2,GARE8,M3_empirical,60,inf,inf,inf,inf,55313.0,67069.34986257886,63569.0,False,True
iscf480-temporal,r0f2,2,GARE9,M3_empirical,60,inf,inf,2.0,0.03333333333333333,62229.0,125950.1503245203,63569.0,False,True
iscf480-temporal,r0f2,2,GARE10,M3_empirical,60,0.0,0.0,inf,inf,50600.0,29628.311333049456,63569.0,False,False
iscf480-temporal,r0f2,2,GARE11,M3_empirical,60,0.0,0.0,inf,inf,46676.0,23517.72068026684,63569.0,False,False
iscf480-temporal,r0f3,1,GARE4,M1_prop,60,0.0,0.0,1.0,0.016666666666666666,66060.0,23156.269185079593,72966.0,False,False
iscf480-temporal,r0f3,1,GARE5,M1_prop,60,0.0,0.0,1.0,0.016666666666666666,71371.0,71211.26589542555,72966.0,False,False
iscf480-temporal,r0f3,1,GARE6,M1_prop,60,0.0,0.0,1.0,0.016666666666666666,72538.0,34975.24449439845,72966.0,False,False
iscf480-temporal,r0f3,1,GARE7,M1_prop,60,1.0,0.016666666666666666,1.0,0.016666666666666666,66196.0,66459.10678582525,72966.0,False,False
iscf480-temporal,r0f3,1,GARE8,M1_prop,60,0.0,0.0,2.0,0.03333333333333333,60487.0,19978.464828115575,72966.0,False,False
iscf480-temporal,r0f3,1,GARE9,M1_prop,60,0.0,0.0,5.0,0.08333333333333333,49730.0,24468.77027249301,72966.0,False,False
iscf480-temporal,r0f3,1,GARE10,M1_prop,60,5.0,0.08333333333333333,1.0,0.016666666666666666,71433.0,106635.86421039165,72966.0,False,True
iscf480-temporal,r0f3,1,GARE11,M1_prop,60,54.0,0.9,1.0,0.016666666666666666,72846.0,183776.01432827092,72966.0,False,True
iscf480-temporal,r0f3,1,GARE4,M2_sqrt,60,0.0,0.0,1.0,0.016666666666666666,66060.0,23156.269185079593,72966.0,False,False
iscf480-temporal,r0f3,1,GARE5,M2_sqrt,60,0.0,0.0,1.0,0.016666666666666666,71371.0,71211.26589542555,72966.0,False,False
iscf480-temporal,r0f3,1,GARE6,M2_sqrt,60,0.0,0.0,1.0,0.016666666666666666,72538.0,34975.24449439845,72966.0,False,False
iscf480-temporal,r0f3,1,GARE7,M2_sqrt,60,1.0,0.016666666666666666,1.0,0.016666666666666666,66196.0,66459.10678582525,72966.0,False,False
iscf480-temporal,r0f3,1,GARE8,M2_sqrt,60,0.0,0.0,2.0,0.03333333333333333,60487.0,19978.464828115575,72966.0,False,False
iscf480-temporal,r0f3,1,GARE9,M2_sqrt,60,0.0,0.0,3.0,0.05,49730.0,24468.77027249301,72966.0,False,False
iscf480-temporal,r0f3,1,GARE10,M2_sqrt,60,4.0,0.06666666666666667,1.0,0.016666666666666666,71433.0,106635.86421039165,72966.0,False,True
iscf480-temporal,r0f3,1,GARE11,M2_sqrt,60,19.0,0.31666666666666665,1.0,0.016666666666666666,72846.0,183776.01432827092,72966.0,False,True
iscf480-temporal,r0f3,1,GARE4,M3_empirical,60,0.0,0.0,inf,inf,66060.0,23156.269185079593,72966.0,False,False
iscf480-temporal,r0f3,1,GARE5,M3_empirical,60,0.0,0.0,3.0,0.05,71371.0,71211.26589542555,72966.0,False,False
iscf480-temporal,r0f3,1,GARE6,M3_empirical,60,0.0,0.0,1.0,0.016666666666666666,72538.0,34975.24449439845,72966.0,False,False
iscf480-temporal,r0f3,1,GARE7,M3_empirical,60,1.0,0.016666666666666666,33.0,0.55,66196.0,66459.10678582525,72966.0,False,False
iscf480-temporal,r0f3,1,GARE8,M3_empirical,60,0.0,0.0,inf,inf,60487.0,19978.464828115575,72966.0,False,False
iscf480-temporal,r0f3,1,GARE9,M3_empirical,60,0.0,0.0,inf,inf,49730.0,24468.77027249301,72966.0,False,False
iscf480-temporal,r0f3,1,GARE10,M3_empirical,60,inf,inf,2.0,0.03333333333333333,71433.0,106635.86421039165,72966.0,False,True
iscf480-temporal,r0f3,1,GARE11,M3_empirical,60,inf,inf,1.0,0.016666666666666666,72846.0,183776.01432827092,72966.0,False,True
iscf480-temporal,r0f3,2,GARE4,M1_prop,60,0.0,0.0,2.0,0.03333333333333333,61003.0,26886.875724180783,72966.0,False,False
iscf480-temporal,r0f3,2,GARE5,M1_prop,60,0.0,0.0,2.0,0.03333333333333333,63170.0,26437.521903613135,72966.0,False,False
iscf480-temporal,r0f3,2,GARE6,M1_prop,60,3.0,0.05,1.0,0.016666666666666666,72270.0,120827.68631321161,72966.0,False,True
iscf480-temporal,r0f3,2,GARE7,M1_prop,60,0.0,0.0,5.0,0.08333333333333333,53679.0,31425.672588043934,72966.0,False,False
iscf480-temporal,r0f3,2,GARE8,M1_prop,60,3.0,0.05,1.0,0.016666666666666666,67288.0,88907.40124641336,72966.0,False,True
iscf480-temporal,r0f3,2,GARE9,M1_prop,60,0.0,0.0,1.0,0.016666666666666666,72892.0,30436.4476305353,72966.0,False,False
iscf480-temporal,r0f3,2,GARE10,M1_prop,60,22.0,0.36666666666666664,1.0,0.016666666666666666,72837.0,159711.3392181589,72966.0,False,True
iscf480-temporal,r0f3,2,GARE11,M1_prop,60,0.0,0.0,1.0,0.016666666666666666,67522.0,46028.055375842974,72966.0,False,False
iscf480-temporal,r0f3,2,GARE4,M2_sqrt,60,0.0,0.0,2.0,0.03333333333333333,61003.0,26886.875724180783,72966.0,False,False
iscf480-temporal,r0f3,2,GARE5,M2_sqrt,60,0.0,0.0,1.0,0.016666666666666666,63170.0,26437.521903613135,72966.0,False,False
iscf480-temporal,r0f3,2,GARE6,M2_sqrt,60,4.0,0.06666666666666667,1.0,0.016666666666666666,72270.0,120827.68631321161,72966.0,False,True
iscf480-temporal,r0f3,2,GARE7,M2_sqrt,60,0.0,0.0,3.0,0.05,53679.0,31425.672588043934,72966.0,False,False
iscf480-temporal,r0f3,2,GARE8,M2_sqrt,60,2.0,0.03333333333333333,1.0,0.016666666666666666,67288.0,88907.40124641336,72966.0,False,True
iscf480-temporal,r0f3,2,GARE9,M2_sqrt,60,0.0,0.0,1.0,0.016666666666666666,72892.0,30436.4476305353,72966.0,False,False
iscf480-temporal,r0f3,2,GARE10,M2_sqrt,60,10.0,0.16666666666666666,1.0,0.016666666666666666,72837.0,159711.3392181589,72966.0,False,True
iscf480-temporal,r0f3,2,GARE11,M2_sqrt,60,0.0,0.0,1.0,0.016666666666666666,67522.0,46028.055375842974,72966.0,False,False
iscf480-temporal,r0f3,2,GARE4,M3_empirical,60,0.0,0.0,inf,inf,61003.0,26886.875724180783,72966.0,False,False
iscf480-temporal,r0f3,2,GARE5,M3_empirical,60,0.0,0.0,inf,inf,63170.0,26437.521903613135,72966.0,False,False
iscf480-temporal,r0f3,2,GARE6,M3_empirical,60,inf,inf,1.0,0.016666666666666666,72270.0,120827.68631321161,72966.0,False,True
iscf480-temporal,r0f3,2,GARE7,M3_empirical,60,0.0,0.0,inf,inf,53679.0,31425.672588043934,72966.0,False,False
iscf480-temporal,r0f3,2,GARE8,M3_empirical,60,inf,inf,18.0,0.3,67288.0,88907.40124641336,72966.0,False,True
iscf480-temporal,r0f3,2,GARE9,M3_empirical,60,0.0,0.0,1.0,0.016666666666666666,72892.0,30436.4476305353,72966.0,False,False
iscf480-temporal,r0f3,2,GARE10,M3_empirical,60,inf,inf,1.0,0.016666666666666666,72837.0,159711.3392181589,72966.0,False,True
iscf480-temporal,r0f3,2,GARE11,M3_empirical,60,0.0,0.0,16.0,0.26666666666666666,67522.0,46028.055375842974,72966.0,False,False
iscf480-temporal,r0f4,1,GARE4,M1_prop,60,0.0,0.0,7.0,0.11666666666666667,57464.0,17065.057661917945,83965.0,False,False
iscf480-temporal,r0f4,1,GARE5,M1_prop,60,0.0,0.0,2.0,0.03333333333333333,68120.0,21875.488456922874,83965.0,False,False
iscf480-temporal,r0f4,1,GARE6,M1_prop,60,46.0,0.7666666666666667,1.0,0.016666666666666666,83935.0,199549.43914784407,83965.0,False,True
iscf480-temporal,r0f4,1,GARE7,M1_prop,60,3.0,0.05,1.0,0.016666666666666666,80009.0,106199.51062818579,83965.0,False,True
iscf480-temporal,r0f4,1,GARE8,M1_prop,60,0.0,0.0,2.0,0.03333333333333333,73642.0,27418.729976355404,83965.0,False,False
iscf480-temporal,r0f4,1,GARE9,M1_prop,60,0.0,0.0,1.0,0.016666666666666666,83154.0,77663.42568587147,83965.0,False,False
iscf480-temporal,r0f4,1,GARE10,M1_prop,60,2.0,0.03333333333333333,1.0,0.016666666666666666,80716.0,133777.8627425353,83965.0,False,True
iscf480-temporal,r0f4,1,GARE11,M1_prop,60,0.0,0.0,1.0,0.016666666666666666,83609.0,27099.485700367142,83965.0,False,False
iscf480-temporal,r0f4,1,GARE4,M2_sqrt,60,0.0,0.0,3.0,0.05,57464.0,17065.057661917945,83965.0,False,False
iscf480-temporal,r0f4,1,GARE5,M2_sqrt,60,0.0,0.0,2.0,0.03333333333333333,68120.0,21875.488456922874,83965.0,False,False
iscf480-temporal,r0f4,1,GARE6,M2_sqrt,60,9.0,0.15,1.0,0.016666666666666666,83935.0,199549.43914784407,83965.0,False,True
iscf480-temporal,r0f4,1,GARE7,M2_sqrt,60,2.0,0.03333333333333333,1.0,0.016666666666666666,80009.0,106199.51062818579,83965.0,False,True
iscf480-temporal,r0f4,1,GARE8,M2_sqrt,60,0.0,0.0,1.0,0.016666666666666666,73642.0,27418.729976355404,83965.0,False,False
iscf480-temporal,r0f4,1,GARE9,M2_sqrt,60,0.0,0.0,1.0,0.016666666666666666,83154.0,77663.42568587147,83965.0,False,False
iscf480-temporal,r0f4,1,GARE10,M2_sqrt,60,2.0,0.03333333333333333,1.0,0.016666666666666666,80716.0,133777.8627425353,83965.0,False,True
iscf480-temporal,r0f4,1,GARE11,M2_sqrt,60,0.0,0.0,1.0,0.016666666666666666,83609.0,27099.485700367142,83965.0,False,False
iscf480-temporal,r0f4,1,GARE4,M3_empirical,60,0.0,0.0,inf,inf,57464.0,17065.057661917945,83965.0,False,False
iscf480-temporal,r0f4,1,GARE5,M3_empirical,60,0.0,0.0,inf,inf,68120.0,21875.488456922874,83965.0,False,False
iscf480-temporal,r0f4,1,GARE6,M3_empirical,60,inf,inf,1.0,0.016666666666666666,83935.0,199549.43914784407,83965.0,False,True
iscf480-temporal,r0f4,1,GARE7,M3_empirical,60,inf,inf,2.0,0.03333333333333333,80009.0,106199.51062818579,83965.0,False,True
iscf480-temporal,r0f4,1,GARE8,M3_empirical,60,0.0,0.0,11.0,0.18333333333333332,73642.0,27418.729976355404,83965.0,False,False
iscf480-temporal,r0f4,1,GARE9,M3_empirical,60,0.0,0.0,1.0,0.016666666666666666,83154.0,77663.42568587147,83965.0,False,False
iscf480-temporal,r0f4,1,GARE10,M3_empirical,60,inf,inf,1.0,0.016666666666666666,80716.0,133777.8627425353,83965.0,False,True
iscf480-temporal,r0f4,1,GARE11,M3_empirical,60,0.0,0.0,1.0,0.016666666666666666,83609.0,27099.485700367142,83965.0,False,False
iscf480-temporal,r0f4,2,GARE4,M1_prop,60,0.0,0.0,4.0,0.06666666666666667,61901.0,19575.478559461997,83965.0,False,False
iscf480-temporal,r0f4,2,GARE5,M1_prop,60,0.0,0.0,1.0,0.016666666666666666,83633.0,30567.63942587598,83965.0,False,False
iscf480-temporal,r0f4,2,GARE6,M1_prop,60,0.0,0.0,1.0,0.016666666666666666,76215.0,32903.92708197189,83965.0,False,False
iscf480-temporal,r0f4,2,GARE7,M1_prop,60,11.0,0.18333333333333332,1.0,0.016666666666666666,80580.0,156836.00613096016,83965.0,False,True
iscf480-temporal,r0f4,2,GARE8,M1_prop,60,12.0,0.2,1.0,0.016666666666666666,83664.0,158004.1499590081,83965.0,False,True
iscf480-temporal,r0f4,2,GARE9,M1_prop,60,0.0,0.0,1.0,0.016666666666666666,80520.0,23021.865629789812,83965.0,False,False
iscf480-temporal,r0f4,2,GARE10,M1_prop,60,5.0,0.08333333333333333,1.0,0.016666666666666666,78225.0,121762.6690826135,83965.0,False,True
iscf480-temporal,r0f4,2,GARE11,M1_prop,60,1.0,0.016666666666666666,2.0,0.03333333333333333,65911.0,67977.26413031855,83965.0,False,False
iscf480-temporal,r0f4,2,GARE4,M2_sqrt,60,0.0,0.0,2.0,0.03333333333333333,61901.0,19575.478559461997,83965.0,False,False
iscf480-temporal,r0f4,2,GARE5,M2_sqrt,60,0.0,0.0,1.0,0.016666666666666666,83633.0,30567.63942587598,83965.0,False,False
iscf480-temporal,r0f4,2,GARE6,M2_sqrt,60,0.0,0.0,1.0,0.016666666666666666,76215.0,32903.92708197189,83965.0,False,False
iscf480-temporal,r0f4,2,GARE7,M2_sqrt,60,5.0,0.08333333333333333,1.0,0.016666666666666666,80580.0,156836.00613096016,83965.0,False,True
iscf480-temporal,r0f4,2,GARE8,M2_sqrt,60,5.0,0.08333333333333333,1.0,0.016666666666666666,83664.0,158004.1499590081,83965.0,False,True
iscf480-temporal,r0f4,2,GARE9,M2_sqrt,60,0.0,0.0,1.0,0.016666666666666666,80520.0,23021.865629789812,83965.0,False,False
iscf480-temporal,r0f4,2,GARE10,M2_sqrt,60,3.0,0.05,1.0,0.016666666666666666,78225.0,121762.6690826135,83965.0,False,True
iscf480-temporal,r0f4,2,GARE11,M2_sqrt,60,1.0,0.016666666666666666,1.0,0.016666666666666666,65911.0,67977.26413031855,83965.0,False,False
iscf480-temporal,r0f4,2,GARE4,M3_empirical,60,0.0,0.0,inf,inf,61901.0,19575.478559461997,83965.0,False,False
iscf480-temporal,r0f4,2,GARE5,M3_empirical,60,0.0,0.0,1.0,0.016666666666666666,83633.0,30567.63942587598,83965.0,False,False
iscf480-temporal,r0f4,2,GARE6,M3_empirical,60,0.0,0.0,15.0,0.25,76215.0,32903.92708197189,83965.0,False,False
iscf480-temporal,r0f4,2,GARE7,M3_empirical,60,inf,inf,1.0,0.016666666666666666,80580.0,156836.00613096016,83965.0,False,True
iscf480-temporal,r0f4,2,GARE8,M3_empirical,60,inf,inf,1.0,0.016666666666666666,83664.0,158004.1499590081,83965.0,False,True
iscf480-temporal,r0f4,2,GARE9,M3_empirical,60,0.0,0.0,4.0,0.06666666666666667,80520.0,23021.865629789812,83965.0,False,False
iscf480-temporal,r0f4,2,GARE10,M3_empirical,60,inf,inf,3.0,0.05,78225.0,121762.6690826135,83965.0,False,True
iscf480-temporal,r0f4,2,GARE11,M3_empirical,60,1.0,0.016666666666666666,inf,inf,65911.0,67977.26413031855,83965.0,False,False
iscf10kt-temporal,r0f0,1,GARE4,M1_prop,541,5.0,0.009242144177449169,1.0,0.0018484288354898336,1904.0,2432.1711185308845,1904.0,True,True
iscf10kt-temporal,r0f0,1,GARE5,M1_prop,541,19.0,0.03512014787430684,1.0,0.0018484288354898336,1893.0,2846.9689482470785,1904.0,True,True
iscf10kt-temporal,r0f0,1,GARE6,M1_prop,541,0.0,0.0,1.0,0.0018484288354898336,1867.0,1860.2353923205342,1904.0,False,False
iscf10kt-temporal,r0f0,1,GARE7,M1_prop,541,0.0,0.0,1.0,0.0018484288354898336,1896.0,1578.3115191986644,1904.0,False,False
iscf10kt-temporal,r0f0,1,GARE8,M1_prop,541,0.0,0.0,10.0,0.018484288354898338,1501.0,1258.2585976627713,1904.0,False,False
iscf10kt-temporal,r0f0,1,GARE9,M1_prop,541,0.0,0.0,35.0,0.06469500924214418,1318.0,894.2994991652755,1904.0,False,False
iscf10kt-temporal,r0f0,1,GARE10,M1_prop,541,0.0,0.0,10.0,0.018484288354898338,1561.0,1301.009348914858,1904.0,False,False
iscf10kt-temporal,r0f0,1,GARE11,M1_prop,541,0.0,0.0,1.0,0.0018484288354898336,1902.0,1670.7455759599331,1904.0,False,False
iscf10kt-temporal,r0f0,1,GARE4,M2_sqrt,541,16.0,0.029574861367837338,1.0,0.0018484288354898336,1904.0,2432.1711185308845,1904.0,True,True
iscf10kt-temporal,r0f0,1,GARE5,M2_sqrt,541,42.0,0.07763401109057301,1.0,0.0018484288354898336,1893.0,2846.9689482470785,1904.0,True,True
iscf10kt-temporal,r0f0,1,GARE6,M2_sqrt,541,0.0,0.0,1.0,0.0018484288354898336,1867.0,1860.2353923205342,1904.0,False,False
iscf10kt-temporal,r0f0,1,GARE7,M2_sqrt,541,0.0,0.0,1.0,0.0018484288354898336,1896.0,1578.3115191986644,1904.0,False,False
iscf10kt-temporal,r0f0,1,GARE8,M2_sqrt,541,0.0,0.0,16.0,0.029574861367837338,1501.0,1258.2585976627713,1904.0,False,False
iscf10kt-temporal,r0f0,1,GARE9,M2_sqrt,541,0.0,0.0,31.0,0.05730129390018484,1318.0,894.2994991652755,1904.0,False,False
iscf10kt-temporal,r0f0,1,GARE10,M2_sqrt,541,0.0,0.0,14.0,0.025878003696857672,1561.0,1301.009348914858,1904.0,False,False
iscf10kt-temporal,r0f0,1,GARE11,M2_sqrt,541,0.0,0.0,1.0,0.0018484288354898336,1902.0,1670.7455759599331,1904.0,False,False
iscf10kt-temporal,r0f0,1,GARE4,M3_empirical,541,16.0,0.029574861367837338,1.0,0.0018484288354898336,1904.0,2432.1711185308845,1904.0,True,True
iscf10kt-temporal,r0f0,1,GARE5,M3_empirical,541,82.0,0.15157116451016636,1.0,0.0018484288354898336,1893.0,2846.9689482470785,1904.0,True,True
iscf10kt-temporal,r0f0,1,GARE6,M3_empirical,541,0.0,0.0,1.0,0.0018484288354898336,1867.0,1860.2353923205342,1904.0,False,False
iscf10kt-temporal,r0f0,1,GARE7,M3_empirical,541,0.0,0.0,1.0,0.0018484288354898336,1896.0,1578.3115191986644,1904.0,False,False
iscf10kt-temporal,r0f0,1,GARE8,M3_empirical,541,0.0,0.0,30.0,0.05545286506469501,1501.0,1258.2585976627713,1904.0,False,False
iscf10kt-temporal,r0f0,1,GARE9,M3_empirical,541,0.0,0.0,88.0,0.16266173752310537,1318.0,894.2994991652755,1904.0,False,False
iscf10kt-temporal,r0f0,1,GARE10,M3_empirical,541,0.0,0.0,27.0,0.04990757855822551,1561.0,1301.009348914858,1904.0,False,False
iscf10kt-temporal,r0f0,1,GARE11,M3_empirical,541,0.0,0.0,1.0,0.0018484288354898336,1902.0,1670.7455759599331,1904.0,False,False
iscf10kt-temporal,r0f0,2,GARE4,M1_prop,541,0.0,0.0,5.0,0.009242144177449169,1653.0,1368.0240400667778,1904.0,False,False
iscf10kt-temporal,r0f0,2,GARE5,M1_prop,541,0.0,0.0,1.0,0.0018484288354898336,1901.0,1571.3789649415694,1904.0,False,False
iscf10kt-temporal,r0f0,2,GARE6,M1_prop,541,12.0,0.022181146025878003,1.0,0.0018484288354898336,1874.0,2792.663939899833,1904.0,True,True
iscf10kt-temporal,r0f0,2,GARE7,M1_prop,541,13.0,0.024029574861367836,1.0,0.0018484288354898336,1904.0,2644.769449081803,1904.0,True,True
iscf10kt-temporal,r0f0,2,GARE8,M1_prop,541,0.0,0.0,22.0,0.04066543438077634,1339.0,956.6924874791318,1904.0,False,False
iscf10kt-temporal,r0f0,2,GARE9,M1_prop,541,0.0,0.0,1.0,0.0018484288354898336,1896.0,1804.774958263773,1904.0,False,False
iscf10kt-temporal,r0f0,2,GARE10,M1_prop,541,0.0,0.0,36.0,0.066543438077634,1371.0,971.7130217028381,1904.0,False,False
iscf10kt-temporal,r0f0,2,GARE11,M1_prop,541,0.0,0.0,1.0,0.0018484288354898336,1904.0,1731.9831385642738,1904.0,False,False
iscf10kt-temporal,r0f0,2,GARE4,M2_sqrt,541,0.0,0.0,8.0,0.014787430683918669,1653.0,1368.0240400667778,1904.0,False,False
iscf10kt-temporal,r0f0,2,GARE5,M2_sqrt,541,0.0,0.0,1.0,0.0018484288354898336,1901.0,1571.3789649415694,1904.0,False,False
iscf10kt-temporal,r0f0,2,GARE6,M2_sqrt,541,36.0,0.066543438077634,1.0,0.0018484288354898336,1874.0,2792.663939899833,1904.0,True,True
iscf10kt-temporal,r0f0,2,GARE7,M2_sqrt,541,30.0,0.05545286506469501,1.0,0.0018484288354898336,1904.0,2644.769449081803,1904.0,True,True
iscf10kt-temporal,r0f0,2,GARE8,M2_sqrt,541,0.0,0.0,28.0,0.051756007393715345,1339.0,956.6924874791318,1904.0,False,False
iscf10kt-temporal,r0f0,2,GARE9,M2_sqrt,541,0.0,0.0,1.0,0.0018484288354898336,1896.0,1804.774958263773,1904.0,False,False
iscf10kt-temporal,r0f0,2,GARE10,M2_sqrt,541,0.0,0.0,29.0,0.053604436229205174,1371.0,971.7130217028381,1904.0,False,False
iscf10kt-temporal,r0f0,2,GARE11,M2_sqrt,541,0.0,0.0,1.0,0.0018484288354898336,1904.0,1731.9831385642738,1904.0,False,False
iscf10kt-temporal,r0f0,2,GARE4,M3_empirical,541,0.0,0.0,15.0,0.027726432532347505,1653.0,1368.0240400667778,1904.0,False,False
iscf10kt-temporal,r0f0,2,GARE5,M3_empirical,541,0.0,0.0,1.0,0.0018484288354898336,1901.0,1571.3789649415694,1904.0,False,False
iscf10kt-temporal,r0f0,2,GARE6,M3_empirical,541,54.0,0.09981515711645102,1.0,0.0018484288354898336,1874.0,2792.663939899833,1904.0,True,True
iscf10kt-temporal,r0f0,2,GARE7,M3_empirical,541,51.0,0.09426987060998152,1.0,0.0018484288354898336,1904.0,2644.769449081803,1904.0,True,True
iscf10kt-temporal,r0f0,2,GARE8,M3_empirical,541,0.0,0.0,73.0,0.13493530499075784,1339.0,956.6924874791318,1904.0,False,False
iscf10kt-temporal,r0f0,2,GARE9,M3_empirical,541,0.0,0.0,1.0,0.0018484288354898336,1896.0,1804.774958263773,1904.0,False,False
iscf10kt-temporal,r0f0,2,GARE10,M3_empirical,541,0.0,0.0,86.0,0.1589648798521257,1371.0,971.7130217028381,1904.0,False,False
iscf10kt-temporal,r0f0,2,GARE11,M3_empirical,541,0.0,0.0,1.0,0.0018484288354898336,1904.0,1731.9831385642738,1904.0,False,False
iscf10kt-temporal,r0f1,1,GARE4,M1_prop,541,0.0,0.0,1.0,0.0018484288354898336,2148.0,1833.9626129827445,2212.0,False,False
iscf10kt-temporal,r0f1,1,GARE5,M1_prop,541,8.0,0.014787430683918669,1.0,0.0018484288354898336,2212.0,3200.3473705834017,2212.0,False,True
iscf10kt-temporal,r0f1,1,GARE6,M1_prop,541,0.0,0.0,1.0,0.0018484288354898336,2209.0,1774.4827444535745,2212.0,False,False
iscf10kt-temporal,r0f1,1,GARE7,M1_prop,541,0.0,0.0,109.0,0.20147874306839186,1275.0,728.6283894823337,2212.0,False,False
iscf10kt-temporal,r0f1,1,GARE8,M1_prop,541,0.0,0.0,1.0,0.0018484288354898336,2212.0,1857.0936729663106,2212.0,False,False
iscf10kt-temporal,r0f1,1,GARE9,M1_prop,541,0.0,0.0,17.0,0.031423290203327174,1648.0,1237.5117091207887,2212.0,False,False
iscf10kt-temporal,r0f1,1,GARE10,M1_prop,541,0.0,0.0,1.0,0.0018484288354898336,2171.0,1715.0028759244042,2212.0,False,False
iscf10kt-temporal,r0f1,1,GARE11,M1_prop,541,27.0,0.04990757855822551,1.0,0.0018484288354898336,2211.0,3738.970624486442,2212.0,True,True
iscf10kt-temporal,r0f1,1,GARE4,M2_sqrt,541,0.0,0.0,2.0,0.0036968576709796672,2148.0,1833.9626129827445,2212.0,False,False
iscf10kt-temporal,r0f1,1,GARE5,M2_sqrt,541,28.0,0.051756007393715345,1.0,0.0018484288354898336,2212.0,3200.3473705834017,2212.0,False,True
iscf10kt-temporal,r0f1,1,GARE6,M2_sqrt,541,0.0,0.0,1.0,0.0018484288354898336,2209.0,1774.4827444535745,2212.0,False,False
iscf10kt-temporal,r0f1,1,GARE7,M2_sqrt,541,0.0,0.0,52.0,0.09611829944547134,1275.0,728.6283894823337,2212.0,False,False
iscf10kt-temporal,r0f1,1,GARE8,M2_sqrt,541,0.0,0.0,1.0,0.0018484288354898336,2212.0,1857.0936729663106,2212.0,False,False
iscf10kt-temporal,r0f1,1,GARE9,M2_sqrt,541,0.0,0.0,19.0,0.03512014787430684,1648.0,1237.5117091207887,2212.0,False,False
iscf10kt-temporal,r0f1,1,GARE10,M2_sqrt,541,0.0,0.0,1.0,0.0018484288354898336,2171.0,1715.0028759244042,2212.0,False,False
iscf10kt-temporal,r0f1,1,GARE11,M2_sqrt,541,54.0,0.09981515711645102,1.0,0.0018484288354898336,2211.0,3738.970624486442,2212.0,True,True
iscf10kt-temporal,r0f1,1,GARE4,M3_empirical,541,0.0,0.0,2.0,0.0036968576709796672,2148.0,1833.9626129827445,2212.0,False,False
iscf10kt-temporal,r0f1,1,GARE5,M3_empirical,541,73.0,0.13493530499075784,1.0,0.0018484288354898336,2212.0,3200.3473705834017,2212.0,False,True
iscf10kt-temporal,r0f1,1,GARE6,M3_empirical,541,0.0,0.0,1.0,0.0018484288354898336,2209.0,1774.4827444535745,2212.0,False,False
iscf10kt-temporal,r0f1,1,GARE7,M3_empirical,541,0.0,0.0,244.0,0.4510166358595194,1275.0,728.6283894823337,2212.0,False,False
iscf10kt-temporal,r0f1,1,GARE8,M3_empirical,541,0.0,0.0,1.0,0.0018484288354898336,2212.0,1857.0936729663106,2212.0,False,False
iscf10kt-temporal,r0f1,1,GARE9,M3_empirical,541,0.0,0.0,64.0,0.11829944547134935,1648.0,1237.5117091207887,2212.0,False,False
iscf10kt-temporal,r0f1,1,GARE10,M3_empirical,541,0.0,0.0,1.0,0.0018484288354898336,2171.0,1715.0028759244042,2212.0,False,False
iscf10kt-temporal,r0f1,1,GARE11,M3_empirical,541,217.0,0.4011090573012939,1.0,0.0018484288354898336,2211.0,3738.970624486442,2212.0,True,True
iscf10kt-temporal,r0f1,2,GARE4,M1_prop,541,0.0,0.0,2.0,0.0036968576709796672,2093.0,1610.9131059983565,2212.0,False,False
iscf10kt-temporal,r0f1,2,GARE5,M1_prop,541,0.0,0.0,101.0,0.1866913123844732,1264.0,920.2857436318817,2212.0,False,False
iscf10kt-temporal,r0f1,2,GARE6,M1_prop,541,0.0,0.0,1.0,0.0018484288354898336,2135.0,1556.3898931799506,2212.0,False,False
iscf10kt-temporal,r0f1,2,GARE7,M1_prop,541,5.0,0.009242144177449169,1.0,0.0018484288354898336,2160.0,2926.0790879211177,2212.0,False,True
iscf10kt-temporal,r0f1,2,GARE8,M1_prop,541,0.0,0.0,1.0,0.0018484288354898336,2211.0,2063.620994248151,2212.0,False,False
iscf10kt-temporal,r0f1,2,GARE9,M1_prop,541,19.0,0.03512014787430684,1.0,0.0018484288354898336,2140.0,3388.7002875924404,2212.0,False,True
iscf10kt-temporal,r0f1,2,GARE10,M1_prop,541,0.0,0.0,1.0,0.0018484288354898336,2187.0,1695.1762530813476,2212.0,False,False
iscf10kt-temporal,r0f1,2,GARE11,M1_prop,541,1.0,0.0018484288354898336,2.0,0.0036968576709796672,1896.0,1924.8346343467542,2212.0,False,False
iscf10kt-temporal,r0f1,2,GARE4,M2_sqrt,541,0.0,0.0,3.0,0.005545286506469501,2093.0,1610.9131059983565,2212.0,False,False
iscf10kt-temporal,r0f1,2,GARE5,M2_sqrt,541,0.0,0.0,50.0,0.09242144177449169,1264.0,920.2857436318817,2212.0,False,False
iscf10kt-temporal,r0f1,2,GARE6,M2_sqrt,541,0.0,0.0,2.0,0.0036968576709796672,2135.0,1556.3898931799506,2212.0,False,False
iscf10kt-temporal,r0f1,2,GARE7,M2_sqrt,541,21.0,0.038817005545286505,1.0,0.0018484288354898336,2160.0,2926.0790879211177,2212.0,False,True
iscf10kt-temporal,r0f1,2,GARE8,M2_sqrt,541,0.0,0.0,1.0,0.0018484288354898336,2211.0,2063.620994248151,2212.0,False,False
iscf10kt-temporal,r0f1,2,GARE9,M2_sqrt,541,42.0,0.07763401109057301,1.0,0.0018484288354898336,2140.0,3388.7002875924404,2212.0,False,True
iscf10kt-temporal,r0f1,2,GARE10,M2_sqrt,541,0.0,0.0,1.0,0.0018484288354898336,2187.0,1695.1762530813476,2212.0,False,False
iscf10kt-temporal,r0f1,2,GARE11,M2_sqrt,541,1.0,0.0018484288354898336,7.0,0.012939001848428836,1896.0,1924.8346343467542,2212.0,False,False
iscf10kt-temporal,r0f1,2,GARE4,M3_empirical,541,0.0,0.0,6.0,0.011090573012939002,2093.0,1610.9131059983565,2212.0,False,False
iscf10kt-temporal,r0f1,2,GARE5,M3_empirical,541,0.0,0.0,224.0,0.41404805914972276,1264.0,920.2857436318817,2212.0,False,False
iscf10kt-temporal,r0f1,2,GARE6,M3_empirical,541,0.0,0.0,2.0,0.0036968576709796672,2135.0,1556.3898931799506,2212.0,False,False
iscf10kt-temporal,r0f1,2,GARE7,M3_empirical,541,52.0,0.09611829944547134,1.0,0.0018484288354898336,2160.0,2926.0790879211177,2212.0,False,True
iscf10kt-temporal,r0f1,2,GARE8,M3_empirical,541,0.0,0.0,1.0,0.0018484288354898336,2211.0,2063.620994248151,2212.0,False,False
iscf10kt-temporal,r0f1,2,GARE9,M3_empirical,541,144.0,0.266173752310536,1.0,0.0018484288354898336,2140.0,3388.7002875924404,2212.0,False,True
iscf10kt-temporal,r0f1,2,GARE10,M3_empirical,541,0.0,0.0,1.0,0.0018484288354898336,2187.0,1695.1762530813476,2212.0,False,False
iscf10kt-temporal,r0f1,2,GARE11,M3_empirical,541,1.0,0.0018484288354898336,11.0,0.02033271719038817,1896.0,1924.8346343467542,2212.0,False,False
iscf10kt-temporal,r0f2,1,GARE4,M1_prop,541,0.0,0.0,1.0,0.0018484288354898336,2523.0,2047.1310901749662,2529.0,False,False
iscf10kt-temporal,r0f2,1,GARE5,M1_prop,541,0.0,0.0,1.0,0.0018484288354898336,2522.0,1690.6777927321668,2529.0,False,False
iscf10kt-temporal,r0f2,1,GARE6,M1_prop,541,0.0,0.0,3.0,0.005545286506469501,2206.0,2128.8183041722746,2529.0,False,False
iscf10kt-temporal,r0f2,1,GARE7,M1_prop,541,95.0,0.1756007393715342,1.0,0.0018484288354898336,2526.0,5433.437415881561,2529.0,False,True
iscf10kt-temporal,r0f2,1,GARE8,M1_prop,541,0.0,0.0,1.0,0.0018484288354898336,2330.0,1750.0866756393,2529.0,False,False
iscf10kt-temporal,r0f2,1,GARE9,M1_prop,541,0.0,0.0,91.0,0.16820702402957485,1393.0,1017.3771197846568,2529.0,False,False
iscf10kt-temporal,r0f2,1,GARE10,M1_prop,541,0.0,0.0,1.0,0.0018484288354898336,2375.0,2346.650874831763,2529.0,False,False
iscf10kt-temporal,r0f2,1,GARE11,M1_prop,541,0.0,0.0,1.0,0.0018484288354898336,2517.0,1977.8207267833106,2529.0,False,False
iscf10kt-temporal,r0f2,1,GARE4,M2_sqrt,541,0.0,0.0,1.0,0.0018484288354898336,2523.0,2047.1310901749662,2529.0,False,False
iscf10kt-temporal,r0f2,1,GARE5,M2_sqrt,541,0.0,0.0,1.0,0.0018484288354898336,2522.0,1690.6777927321668,2529.0,False,False
iscf10kt-temporal,r0f2,1,GARE6,M2_sqrt,541,0.0,0.0,5.0,0.009242144177449169,2206.0,2128.8183041722746,2529.0,False,False
iscf10kt-temporal,r0f2,1,GARE7,M2_sqrt,541,81.0,0.14972273567467653,1.0,0.0018484288354898336,2526.0,5433.437415881561,2529.0,False,True
iscf10kt-temporal,r0f2,1,GARE8,M2_sqrt,541,0.0,0.0,2.0,0.0036968576709796672,2330.0,1750.0866756393,2529.0,False,False
iscf10kt-temporal,r0f2,1,GARE9,M2_sqrt,541,0.0,0.0,34.0,0.06284658040665435,1393.0,1017.3771197846568,2529.0,False,False
iscf10kt-temporal,r0f2,1,GARE10,M2_sqrt,541,0.0,0.0,2.0,0.0036968576709796672,2375.0,2346.650874831763,2529.0,False,False
iscf10kt-temporal,r0f2,1,GARE11,M2_sqrt,541,0.0,0.0,1.0,0.0018484288354898336,2517.0,1977.8207267833106,2529.0,False,False
iscf10kt-temporal,r0f2,1,GARE4,M3_empirical,541,0.0,0.0,1.0,0.0018484288354898336,2523.0,2047.1310901749662,2529.0,False,False
iscf10kt-temporal,r0f2,1,GARE5,M3_empirical,541,0.0,0.0,1.0,0.0018484288354898336,2522.0,1690.6777927321668,2529.0,False,False
iscf10kt-temporal,r0f2,1,GARE6,M3_empirical,541,0.0,0.0,12.0,0.022181146025878003,2206.0,2128.8183041722746,2529.0,False,False
iscf10kt-temporal,r0f2,1,GARE7,M3_empirical,541,inf,inf,1.0,0.0018484288354898336,2526.0,5433.437415881561,2529.0,False,True
iscf10kt-temporal,r0f2,1,GARE8,M3_empirical,541,0.0,0.0,3.0,0.005545286506469501,2330.0,1750.0866756393,2529.0,False,False
iscf10kt-temporal,r0f2,1,GARE9,M3_empirical,541,0.0,0.0,280.0,0.5175600739371534,1393.0,1017.3771197846568,2529.0,False,False
iscf10kt-temporal,r0f2,1,GARE10,M3_empirical,541,0.0,0.0,3.0,0.005545286506469501,2375.0,2346.650874831763,2529.0,False,False
iscf10kt-temporal,r0f2,1,GARE11,M3_empirical,541,0.0,0.0,1.0,0.0018484288354898336,2517.0,1977.8207267833106,2529.0,False,False
iscf10kt-temporal,r0f2,2,GARE4,M1_prop,541,0.0,0.0,2.0,0.0036968576709796672,2281.0,1698.1039030955585,2529.0,False,False
iscf10kt-temporal,r0f2,2,GARE5,M1_prop,541,0.0,0.0,1.0,0.0018484288354898336,2446.0,2418.436608344549,2529.0,False,False
iscf10kt-temporal,r0f2,2,GARE6,M1_prop,541,0.0,0.0,1.0,0.0018484288354898336,2523.0,1797.1187079407805,2529.0,False,False
iscf10kt-temporal,r0f2,2,GARE7,M1_prop,541,0.0,0.0,14.0,0.025878003696857672,1923.0,1225.3082099596231,2529.0,False,False
iscf10kt-temporal,r0f2,2,GARE8,M1_prop,541,4.0,0.0073937153419593345,1.0,0.0018484288354898336,2495.0,3463.0427994616416,2529.0,False,True
iscf10kt-temporal,r0f2,2,GARE9,M1_prop,541,0.0,0.0,3.0,0.005545286506469501,2285.0,1584.2368775235532,2529.0,False,False
iscf10kt-temporal,r0f2,2,GARE10,M1_prop,541,1.0,0.0018484288354898336,4.0,0.0073937153419593345,1923.0,2007.5251682368773,2529.0,False,False
iscf10kt-temporal,r0f2,2,GARE11,M1_prop,541,25.0,0.04621072088724584,1.0,0.0018484288354898336,2516.0,4198.227725437416,2529.0,False,True
iscf10kt-temporal,r0f2,2,GARE4,M2_sqrt,541,0.0,0.0,3.0,0.005545286506469501,2281.0,1698.1039030955585,2529.0,False,False
iscf10kt-temporal,r0f2,2,GARE5,M2_sqrt,541,0.0,0.0,1.0,0.0018484288354898336,2446.0,2418.436608344549,2529.0,False,False
iscf10kt-temporal,r0f2,2,GARE6,M2_sqrt,541,0.0,0.0,1.0,0.0018484288354898336,2523.0,1797.1187079407805,2529.0,False,False
iscf10kt-temporal,r0f2,2,GARE7,M2_sqrt,541,0.0,0.0,12.0,0.022181146025878003,1923.0,1225.3082099596231,2529.0,False,False
iscf10kt-temporal,r0f2,2,GARE8,M2_sqrt,541,13.0,0.024029574861367836,1.0,0.0018484288354898336,2495.0,3463.0427994616416,2529.0,False,True
iscf10kt-temporal,r0f2,2,GARE9,M2_sqrt,541,0.0,0.0,3.0,0.005545286506469501,2285.0,1584.2368775235532,2529.0,False,False
iscf10kt-temporal,r0f2,2,GARE10,M2_sqrt,541,1.0,0.0018484288354898336,9.0,0.0166358595194085,1923.0,2007.5251682368773,2529.0,False,False
iscf10kt-temporal,r0f2,2,GARE11,M2_sqrt,541,33.0,0.06099815157116451,1.0,0.0018484288354898336,2516.0,4198.227725437416,2529.0,False,True
iscf10kt-temporal,r0f2,2,GARE4,M3_empirical,541,0.0,0.0,4.0,0.0073937153419593345,2281.0,1698.1039030955585,2529.0,False,False
iscf10kt-temporal,r0f2,2,GARE5,M3_empirical,541,0.0,0.0,2.0,0.0036968576709796672,2446.0,2418.436608344549,2529.0,False,False
iscf10kt-temporal,r0f2,2,GARE6,M3_empirical,541,0.0,0.0,1.0,0.0018484288354898336,2523.0,1797.1187079407805,2529.0,False,False
iscf10kt-temporal,r0f2,2,GARE7,M3_empirical,541,0.0,0.0,57.0,0.10536044362292052,1923.0,1225.3082099596231,2529.0,False,False
iscf10kt-temporal,r0f2,2,GARE8,M3_empirical,541,73.0,0.13493530499075784,1.0,0.0018484288354898336,2495.0,3463.0427994616416,2529.0,False,True
iscf10kt-temporal,r0f2,2,GARE9,M3_empirical,541,0.0,0.0,11.0,0.02033271719038817,2285.0,1584.2368775235532,2529.0,False,False
iscf10kt-temporal,r0f2,2,GARE10,M3_empirical,541,2.0,0.0036968576709796672,40.0,0.07393715341959335,1923.0,2007.5251682368773,2529.0,False,False
iscf10kt-temporal,r0f2,2,GARE11,M3_empirical,541,217.0,0.4011090573012939,1.0,0.0018484288354898336,2516.0,4198.227725437416,2529.0,False,True
iscf10kt-temporal,r0f3,1,GARE4,M1_prop,541,0.0,0.0,1.0,0.0018484288354898336,2829.0,1686.6140419690137,2850.0,False,False
iscf10kt-temporal,r0f3,1,GARE5,M1_prop,541,0.0,0.0,1.0,0.0018484288354898336,2850.0,1637.8444793096687,2850.0,False,False
iscf10kt-temporal,r0f3,1,GARE6,M1_prop,541,3.0,0.005545286506469501,1.0,0.0018484288354898336,2672.0,3580.4987252402434,2850.0,False,True
iscf10kt-temporal,r0f3,1,GARE7,M1_prop,541,0.0,0.0,5.0,0.009242144177449169,2190.0,1178.5977642675034,2850.0,False,False
iscf10kt-temporal,r0f3,1,GARE8,M1_prop,541,19.0,0.03512014787430684,1.0,0.0018484288354898336,2807.0,5498.768189841146,2850.0,False,True
iscf10kt-temporal,r0f3,1,GARE9,M1_prop,541,0.0,0.0,2.0,0.0036968576709796672,2547.0,1930.4618552657384,2850.0,False,False
iscf10kt-temporal,r0f3,1,GARE10,M1_prop,541,0.0,0.0,10.0,0.018484288354898338,1984.0,625.8760541282605,2850.0,False,False
iscf10kt-temporal,r0f3,1,GARE11,M1_prop,541,4.0,0.0073937153419593345,1.0,0.0018484288354898336,2844.0,4584.338889978428,2850.0,False,True
iscf10kt-temporal,r0f3,1,GARE4,M2_sqrt,541,0.0,0.0,1.0,0.0018484288354898336,2829.0,1686.6140419690137,2850.0,False,False
iscf10kt-temporal,r0f3,1,GARE5,M2_sqrt,541,0.0,0.0,1.0,0.0018484288354898336,2850.0,1637.8444793096687,2850.0,False,False
iscf10kt-temporal,r0f3,1,GARE6,M2_sqrt,541,8.0,0.014787430683918669,2.0,0.0036968576709796672,2672.0,3580.4987252402434,2850.0,False,True
iscf10kt-temporal,r0f3,1,GARE7,M2_sqrt,541,0.0,0.0,7.0,0.012939001848428836,2190.0,1178.5977642675034,2850.0,False,False
iscf10kt-temporal,r0f3,1,GARE8,M2_sqrt,541,36.0,0.066543438077634,1.0,0.0018484288354898336,2807.0,5498.768189841146,2850.0,False,True
iscf10kt-temporal,r0f3,1,GARE9,M2_sqrt,541,0.0,0.0,3.0,0.005545286506469501,2547.0,1930.4618552657384,2850.0,False,False
iscf10kt-temporal,r0f3,1,GARE10,M2_sqrt,541,0.0,0.0,12.0,0.022181146025878003,1984.0,625.8760541282605,2850.0,False,False
iscf10kt-temporal,r0f3,1,GARE11,M2_sqrt,541,18.0,0.033271719038817,1.0,0.0018484288354898336,2844.0,4584.338889978428,2850.0,False,True
iscf10kt-temporal,r0f3,1,GARE4,M3_empirical,541,0.0,0.0,1.0,0.0018484288354898336,2829.0,1686.6140419690137,2850.0,False,False
iscf10kt-temporal,r0f3,1,GARE5,M3_empirical,541,0.0,0.0,1.0,0.0018484288354898336,2850.0,1637.8444793096687,2850.0,False,False
iscf10kt-temporal,r0f3,1,GARE6,M3_empirical,541,53.0,0.09796672828096119,3.0,0.005545286506469501,2672.0,3580.4987252402434,2850.0,False,True
iscf10kt-temporal,r0f3,1,GARE7,M3_empirical,541,0.0,0.0,49.0,0.09057301293900184,2190.0,1178.5977642675034,2850.0,False,False
iscf10kt-temporal,r0f3,1,GARE8,M3_empirical,541,inf,inf,1.0,0.0018484288354898336,2807.0,5498.768189841146,2850.0,False,True
iscf10kt-temporal,r0f3,1,GARE9,M3_empirical,541,0.0,0.0,13.0,0.024029574861367836,2547.0,1930.4618552657384,2850.0,False,False
iscf10kt-temporal,r0f3,1,GARE10,M3_empirical,541,0.0,0.0,103.0,0.19038817005545286,1984.0,625.8760541282605,2850.0,False,False
iscf10kt-temporal,r0f3,1,GARE11,M3_empirical,541,238.0,0.4399260628465804,1.0,0.0018484288354898336,2844.0,4584.338889978428,2850.0,False,True
iscf10kt-temporal,r0f3,2,GARE4,M1_prop,541,1.0,0.0018484288354898336,3.0,0.005545286506469501,2190.0,2284.0411845459894,2850.0,False,False
iscf10kt-temporal,r0f3,2,GARE5,M1_prop,541,1.0,0.0018484288354898336,2.0,0.0036968576709796672,2411.0,2438.4781329672487,2850.0,False,False
iscf10kt-temporal,r0f3,2,GARE6,M1_prop,541,0.0,0.0,1.0,0.0018484288354898336,2835.0,2296.2335752108256,2850.0,False,False
iscf10kt-temporal,r0f3,2,GARE7,M1_prop,541,0.0,0.0,2.0,0.0036968576709796672,2237.0,1227.3673269268486,2850.0,False,False
iscf10kt-temporal,r0f3,2,GARE8,M1_prop,541,37.0,0.06839186691312385,1.0,0.0018484288354898336,2818.0,6738.32790743283,2850.0,False,True
iscf10kt-temporal,r0f3,2,GARE9,M1_prop,541,0.0,0.0,1.0,0.0018484288354898336,2798.0,2454.734653853697,2850.0,False,False
iscf10kt-temporal,r0f3,2,GARE10,M1_prop,541,0.0,0.0,1.0,0.0018484288354898336,2654.0,1446.830358893901,2850.0,False,False
iscf10kt-temporal,r0f3,2,GARE11,M1_prop,541,0.0,0.0,1.0,0.0018484288354898336,2780.0,1836.9868601686608,2850.0,False,False
iscf10kt-temporal,r0f3,2,GARE4,M2_sqrt,541,1.0,0.0018484288354898336,6.0,0.011090573012939002,2190.0,2284.0411845459894,2850.0,False,False
iscf10kt-temporal,r0f3,2,GARE5,M2_sqrt,541,1.0,0.0018484288354898336,4.0,0.0073937153419593345,2411.0,2438.4781329672487,2850.0,False,False
iscf10kt-temporal,r0f3,2,GARE6,M2_sqrt,541,0.0,0.0,1.0,0.0018484288354898336,2835.0,2296.2335752108256,2850.0,False,False
iscf10kt-temporal,r0f3,2,GARE7,M2_sqrt,541,0.0,0.0,5.0,0.009242144177449169,2237.0,1227.3673269268486,2850.0,False,False
iscf10kt-temporal,r0f3,2,GARE8,M2_sqrt,541,68.0,0.1256931608133087,1.0,0.0018484288354898336,2818.0,6738.32790743283,2850.0,False,True
iscf10kt-temporal,r0f3,2,GARE9,M2_sqrt,541,0.0,0.0,1.0,0.0018484288354898336,2798.0,2454.734653853697,2850.0,False,False
iscf10kt-temporal,r0f3,2,GARE10,M2_sqrt,541,0.0,0.0,2.0,0.0036968576709796672,2654.0,1446.830358893901,2850.0,False,False
iscf10kt-temporal,r0f3,2,GARE11,M2_sqrt,541,0.0,0.0,1.0,0.0018484288354898336,2780.0,1836.9868601686608,2850.0,False,False
iscf10kt-temporal,r0f3,2,GARE4,M3_empirical,541,2.0,0.0036968576709796672,46.0,0.08502772643253234,2190.0,2284.0411845459894,2850.0,False,False
iscf10kt-temporal,r0f3,2,GARE5,M3_empirical,541,1.0,0.0018484288354898336,17.0,0.031423290203327174,2411.0,2438.4781329672487,2850.0,False,False
iscf10kt-temporal,r0f3,2,GARE6,M3_empirical,541,0.0,0.0,1.0,0.0018484288354898336,2835.0,2296.2335752108256,2850.0,False,False
iscf10kt-temporal,r0f3,2,GARE7,M3_empirical,541,0.0,0.0,50.0,0.09242144177449169,2237.0,1227.3673269268486,2850.0,False,False
iscf10kt-temporal,r0f3,2,GARE8,M3_empirical,541,inf,inf,1.0,0.0018484288354898336,2818.0,6738.32790743283,2850.0,False,True
iscf10kt-temporal,r0f3,2,GARE9,M3_empirical,541,0.0,0.0,2.0,0.0036968576709796672,2798.0,2454.734653853697,2850.0,False,False
iscf10kt-temporal,r0f3,2,GARE10,M3_empirical,541,0.0,0.0,3.0,0.005545286506469501,2654.0,1446.830358893901,2850.0,False,False
iscf10kt-temporal,r0f3,2,GARE11,M3_empirical,541,0.0,0.0,2.0,0.0036968576709796672,2780.0,1836.9868601686608,2850.0,False,False
iscf10kt-temporal,r0f4,1,GARE4,M1_prop,541,0.0,0.0,11.0,0.02033271719038817,1782.0,653.7206393328701,3155.0,False,False
iscf10kt-temporal,r0f4,1,GARE5,M1_prop,541,1.0,0.0018484288354898336,1.0,0.0018484288354898336,3094.0,3316.4364141765113,3155.0,False,True
iscf10kt-temporal,r0f4,1,GARE6,M1_prop,541,1.0,0.0018484288354898336,1.0,0.0018484288354898336,3153.0,4568.072272411397,3155.0,False,True
iscf10kt-temporal,r0f4,1,GARE7,M1_prop,541,0.0,0.0,1.0,0.0018484288354898336,3153.0,1714.0236275191105,3155.0,False,False
iscf10kt-temporal,r0f4,1,GARE8,M1_prop,541,17.0,0.031423290203327174,1.0,0.0018484288354898336,3151.0,7422.120917303683,3155.0,False,True
iscf10kt-temporal,r0f4,1,GARE9,M1_prop,541,2.0,0.0036968576709796672,2.0,0.0036968576709796672,2459.0,3109.1591382904794,3155.0,False,False
iscf10kt-temporal,r0f4,1,GARE10,M1_prop,541,0.0,0.0,1.0,0.0018484288354898336,3152.0,1068.275191104934,3155.0,False,False
iscf10kt-temporal,r0f4,1,GARE11,M1_prop,541,0.0,0.0,2.0,0.0036968576709796672,3000.0,1092.1917998610147,3155.0,False,False
iscf10kt-temporal,r0f4,1,GARE4,M2_sqrt,541,0.0,0.0,10.0,0.018484288354898338,1782.0,653.7206393328701,3155.0,False,False
iscf10kt-temporal,r0f4,1,GARE5,M2_sqrt,541,1.0,0.0018484288354898336,1.0,0.0018484288354898336,3094.0,3316.4364141765113,3155.0,False,True
iscf10kt-temporal,r0f4,1,GARE6,M2_sqrt,541,7.0,0.012939001848428836,1.0,0.0018484288354898336,3153.0,4568.072272411397,3155.0,False,True
iscf10kt-temporal,r0f4,1,GARE7,M2_sqrt,541,0.0,0.0,1.0,0.0018484288354898336,3153.0,1714.0236275191105,3155.0,False,False
iscf10kt-temporal,r0f4,1,GARE8,M2_sqrt,541,30.0,0.05545286506469501,1.0,0.0018484288354898336,3151.0,7422.120917303683,3155.0,False,True
iscf10kt-temporal,r0f4,1,GARE9,M2_sqrt,541,3.0,0.005545286506469501,3.0,0.005545286506469501,2459.0,3109.1591382904794,3155.0,False,False
iscf10kt-temporal,r0f4,1,GARE10,M2_sqrt,541,0.0,0.0,1.0,0.0018484288354898336,3152.0,1068.275191104934,3155.0,False,False
iscf10kt-temporal,r0f4,1,GARE11,M2_sqrt,541,0.0,0.0,2.0,0.0036968576709796672,3000.0,1092.1917998610147,3155.0,False,False
iscf10kt-temporal,r0f4,1,GARE4,M3_empirical,541,0.0,0.0,337.0,0.6229205175600739,1782.0,653.7206393328701,3155.0,False,False
iscf10kt-temporal,r0f4,1,GARE5,M3_empirical,541,4.0,0.0073937153419593345,1.0,0.0018484288354898336,3094.0,3316.4364141765113,3155.0,False,True
iscf10kt-temporal,r0f4,1,GARE6,M3_empirical,541,135.0,0.24953789279112754,1.0,0.0018484288354898336,3153.0,4568.072272411397,3155.0,False,True
iscf10kt-temporal,r0f4,1,GARE7,M3_empirical,541,0.0,0.0,1.0,0.0018484288354898336,3153.0,1714.0236275191105,3155.0,False,False
iscf10kt-temporal,r0f4,1,GARE8,M3_empirical,541,inf,inf,1.0,0.0018484288354898336,3151.0,7422.120917303683,3155.0,False,True
iscf10kt-temporal,r0f4,1,GARE9,M3_empirical,541,30.0,0.05545286506469501,36.0,0.066543438077634,2459.0,3109.1591382904794,3155.0,False,False
iscf10kt-temporal,r0f4,1,GARE10,M3_empirical,541,0.0,0.0,1.0,0.0018484288354898336,3152.0,1068.275191104934,3155.0,False,False
iscf10kt-temporal,r0f4,1,GARE11,M3_empirical,541,0.0,0.0,7.0,0.012939001848428836,3000.0,1092.1917998610147,3155.0,False,False
iscf10kt-temporal,r0f4,2,GARE4,M1_prop,541,0.0,0.0,1.0,0.0018484288354898336,3150.0,629.8040305767895,3155.0,False,False
iscf10kt-temporal,r0f4,2,GARE5,M1_prop,541,0.0,0.0,1.0,0.0018484288354898336,3077.0,956.6643502432245,3155.0,False,False
iscf10kt-temporal,r0f4,2,GARE6,M1_prop,541,24.0,0.04436229205175601,1.0,0.0018484288354898336,3119.0,8315.00764419736,3155.0,False,True
iscf10kt-temporal,r0f4,2,GARE7,M1_prop,541,1.0,0.0018484288354898336,1.0,0.0018484288354898336,2710.0,2869.9930507296735,3155.0,False,False
iscf10kt-temporal,r0f4,2,GARE8,M1_prop,541,0.0,0.0,1.0,0.0018484288354898336,2802.0,1331.3578874218208,3155.0,False,False
iscf10kt-temporal,r0f4,2,GARE9,M1_prop,541,0.0,0.0,7.0,0.012939001848428836,2279.0,964.6365531619181,3155.0,False,False
iscf10kt-temporal,r0f4,2,GARE10,M1_prop,541,0.0,0.0,2.0,0.0036968576709796672,2654.0,1427.0243224461433,3155.0,False,False
iscf10kt-temporal,r0f4,2,GARE11,M1_prop,541,10.0,0.018484288354898338,1.0,0.0018484288354898336,3153.0,6449.512161223071,3155.0,False,True
iscf10kt-temporal,r0f4,2,GARE4,M2_sqrt,541,0.0,0.0,1.0,0.0018484288354898336,3150.0,629.8040305767895,3155.0,False,False
iscf10kt-temporal,r0f4,2,GARE5,M2_sqrt,541,0.0,0.0,1.0,0.0018484288354898336,3077.0,956.6643502432245,3155.0,False,False
iscf10kt-temporal,r0f4,2,GARE6,M2_sqrt,541,39.0,0.07208872458410351,1.0,0.0018484288354898336,3119.0,8315.00764419736,3155.0,False,True
iscf10kt-temporal,r0f4,2,GARE7,M2_sqrt,541,1.0,0.0018484288354898336,2.0,0.0036968576709796672,2710.0,2869.9930507296735,3155.0,False,False
iscf10kt-temporal,r0f4,2,GARE8,M2_sqrt,541,0.0,0.0,2.0,0.0036968576709796672,2802.0,1331.3578874218208,3155.0,False,False
iscf10kt-temporal,r0f4,2,GARE9,M2_sqrt,541,0.0,0.0,6.0,0.011090573012939002,2279.0,964.6365531619181,3155.0,False,False
iscf10kt-temporal,r0f4,2,GARE10,M2_sqrt,541,0.0,0.0,3.0,0.005545286506469501,2654.0,1427.0243224461433,3155.0,False,False
iscf10kt-temporal,r0f4,2,GARE11,M2_sqrt,541,21.0,0.038817005545286505,1.0,0.0018484288354898336,3153.0,6449.512161223071,3155.0,False,True
iscf10kt-temporal,r0f4,2,GARE4,M3_empirical,541,0.0,0.0,1.0,0.0018484288354898336,3150.0,629.8040305767895,3155.0,False,False
iscf10kt-temporal,r0f4,2,GARE5,M3_empirical,541,0.0,0.0,1.0,0.0018484288354898336,3077.0,956.6643502432245,3155.0,False,False
iscf10kt-temporal,r0f4,2,GARE6,M3_empirical,541,inf,inf,1.0,0.0018484288354898336,3119.0,8315.00764419736,3155.0,False,True
iscf10kt-temporal,r0f4,2,GARE7,M3_empirical,541,2.0,0.0036968576709796672,14.0,0.025878003696857672,2710.0,2869.9930507296735,3155.0,False,False
iscf10kt-temporal,r0f4,2,GARE8,M3_empirical,541,0.0,0.0,12.0,0.022181146025878003,2802.0,1331.3578874218208,3155.0,False,False
iscf10kt-temporal,r0f4,2,GARE9,M3_empirical,541,0.0,0.0,88.0,0.16266173752310537,2279.0,964.6365531619181,3155.0,False,False
iscf10kt-temporal,r0f4,2,GARE10,M3_empirical,541,0.0,0.0,17.0,0.031423290203327174,2654.0,1427.0243224461433,3155.0,False,False
iscf10kt-temporal,r0f4,2,GARE11,M3_empirical,541,inf,inf,1.0,0.0018484288354898336,3153.0,6449.512161223071,3155.0,False,True
