fold,arm,gamma,alpha,solver_obj,solver_bound,solver_gap,solve_time,feasible_model,c_fit_q90,V_tr,V_te,cap_broken,wl_broken_asrun,max_workload_te,Tn,viol_norm,max_ratio_norm,imbalance,X,robust_lhs_max,robust_ok,PoR_pct,G_pct,beta,T_s_train,instance,size,seed
0,gamma0,0.0,1.0,7638.0,,,77.0097336769104,True,3.333488069639014,166201.0,71583.0,0.0,0.0,14982.0,14923.0,1.0,1.0039536286269517,1.1043867343854812,0.0004349140123397,34794.0,True,0.0,0.0,,,syn_1000sku_seed1001,1000,1001
0,gamma1,1.0,1.0,7668.0,,,77.40134119987488,True,3.333488069639014,167383.0,72134.0,0.0,0.0,15047.0,14923.0,1.0,1.008309321182068,1.109178159945157,0.0009140565683072,34715.40963999756,True,0.7111870566362417,-0.7697358311330903,,,syn_1000sku_seed1001,1000,1001
0,gamma2,2.0,1.0,7586.0,,,77.76123785972595,True,3.333488069639014,165906.0,71582.0,0.0,0.0,15109.0,14923.0,1.0,1.0124639817731018,1.113748442786693,0.0013710848524609,34732.07995658262,True,-0.17749592361056793,0.0013969797298241202,,,syn_1000sku_seed1001,1000,1001
0,gamma4,4.0,1.0,7672.0,,,78.33464097976685,True,3.333488069639014,167962.0,72601.0,0.0,0.0,14956.0,14923.0,1.0,1.0022113516049052,1.102470164161611,0.0002432569899527,34807.777973051554,True,1.0595604117905428,-1.4221253649609544,,,syn_1000sku_seed1001,1000,1001
0,tight1.02,,,7685.0,,,78.25286507606506,True,3.333488069639014,167114.0,71878.0,0.0,0.0,13953.0,14923.0,0.0,0.9349996649467264,1.0285347820638513,0.0,,,0.5493348415472831,-0.41210902029811547,1.02,32296.0,syn_1000sku_seed1001,1000,1001
0,gamma0,0.0,1.0,7602.0,,,76.22489833831787,True,3.229084701142161,138082.0,60046.0,0.0,0.0,12709.0,12837.0,0.0,0.9900288229337072,1.089097032384119,0.0,29794.0,True,0.0,0.0,,,syn_1000sku_seed1002,1000,1002
0,gamma1,1.0,1.0,7557.0,,,77.47768425941467,True,3.229084701142161,138577.0,60361.0,0.0,0.0,13009.0,12837.0,1.0,1.0133987691828308,1.1148055153265406,0.0014739530220321,29804.641189273785,True,0.35848264074969943,-0.524597808346934,,,syn_1000sku_seed1002,1000,1002
0,gamma2,2.0,1.0,7531.0,,,79.78532385826111,True,3.229084701142161,138405.0,60265.0,0.0,0.0,12833.0,12837.0,0.0,0.9996884007166784,1.0997232053336532,0.0,29806.60981887563,True,0.23391897568111703,-0.36472038104120175,,,syn_1000sku_seed1002,1000,1002
0,gamma4,4.0,1.0,7643.0,,,78.92972493171692,True,3.229084701142161,138548.0,60315.0,0.0,0.0,12854.0,12837.0,1.0,1.001324296954117,1.1015227991396228,0.0001456814033403,29394.62254745737,True,0.3374806274532524,-0.447989874429604,,,syn_1000sku_seed1002,1000,1002
0,tight1.02,,,7762.0,,,74.87593960762024,True,3.229084701142161,139260.0,60662.0,0.0,0.0,12030.0,12837.0,0.0,0.9371348445898574,1.0309101659911049,0.0,,,0.8531162642487797,-1.0258801585451154,1.02,27645.0,syn_1000sku_seed1002,1000,1002
0,gamma0,0.0,1.0,7574.0,,,78.61811065673828,True,3.29450836986218,145744.0,62906.0,0.0,0.0,12488.0,12364.0,1.0,1.0100291167906823,1.1110517980746988,0.0011032224772682,28985.0,True,0.0,0.0,,,syn_1000sku_seed1003,1000,1003
0,gamma1,1.0,1.0,7570.0,,,78.83595275878906,True,3.29450836986218,145782.0,62852.0,0.0,0.0,12631.0,12364.0,1.0,1.0215949530896151,1.1237744443851314,0.0023754871083115,28990.265496128686,True,0.02607311450214074,0.08584236797761739,,,syn_1000sku_seed1003,1000,1003
0,gamma2,2.0,1.0,7617.0,,,79.37399768829346,True,3.29450836986218,145923.0,63014.0,0.0,0.0,12463.0,12364.0,1.0,1.0080071174377223,1.1088275592092387,0.0008807985907222,28990.037413068345,True,0.12281809199692612,-0.17168473595523479,,,syn_1000sku_seed1003,1000,1003
0,gamma4,4.0,1.0,7582.0,,,78.54895758628845,True,3.29450836986218,146981.0,63317.0,0.0,0.0,12334.0,12364.0,0.0,0.9975736007764476,1.0973504866634638,0.0,28977.776124068696,True,0.8487484905038972,-0.6533558007185324,,,syn_1000sku_seed1003,1000,1003
0,tight1.02,,,7692.0,,,75.26566743850708,True,3.29450836986218,147026.0,63409.0,0.0,0.0,11625.0,12364.0,0.0,0.9402296991264962,1.0342710724390114,0.0,,,0.8796245471511692,-0.7996057609766953,1.02,26884.0,syn_1000sku_seed1003,1000,1003
0,gamma0,0.0,1.0,7020.0,,,78.04679822921753,True,3.236696842875625,115894.0,50004.0,0.0,0.0,11093.0,11053.0,1.0,1.003618926988148,1.104011783556763,0.0003980931338886,25735.0,True,0.0,0.0,,,syn_1000sku_seed1004,1000,1004
0,gamma1,1.0,1.0,7131.0,,,76.81454420089722,True,3.236696842875625,116858.0,50350.0,0.0,0.0,11216.0,11053.0,2.0,1.0147471274767033,1.1162531474238395,0.0016620388339852,25778.012540360603,True,0.8317945709009957,-0.6919446444284457,,,syn_1000sku_seed1004,1000,1004
0,gamma2,2.0,1.0,7227.0,,,78.54950451850891,True,3.236696842875625,117746.0,50682.0,0.0,0.0,11140.0,11053.0,1.0,1.007871166199222,1.108689377879955,0.0008658525662078,25752.49797530896,True,1.598011976461249,-1.3558915286777058,,,syn_1000sku_seed1004,1000,1004
0,gamma4,4.0,1.0,7126.0,,,78.22592854499817,True,3.236696842875625,117643.0,50638.0,0.0,0.0,10847.0,11053.0,0.0,0.9813625260110376,1.0795290558226096,0.0,25762.136532058277,True,1.5091376602757693,-1.267898568114551,,,syn_1000sku_seed1004,1000,1004
0,tight1.02,,,7233.0,,,77.12679934501648,True,3.236696842875625,118403.0,51028.0,0.0,0.0,10475.0,11053.0,0.0,0.9477065050212612,1.0425063943709632,0.0,,,2.1649093136831934,-2.0478361731061514,1.02,23928.0,syn_1000sku_seed1004,1000,1004
0,gamma0,0.0,1.0,9058.0,,,148.69446992874146,True,3.269157791297024,312094.0,134011.0,0.0,0.0,11162.0,11127.0,1.0,1.0031455019322368,1.1035532794178713,0.0001730172226286,25887.0,True,0.0,0.0,,,syn_2000sku_seed1001,2000,1001
0,gamma1,1.0,1.0,8992.0,,,151.10102224349976,True,3.269157791297024,315251.0,135437.0,0.0,0.0,11152.0,11127.0,1.0,1.002246787094455,1.1025646095742787,0.000123583730449,26051.26608447584,True,1.0115542112312317,-1.064091753662013,,,syn_2000sku_seed1001,2000,1001
0,gamma2,2.0,1.0,8947.0,,,131.38044500350952,True,3.269157791297024,313555.0,134921.0,0.0,0.0,11339.0,11127.0,1.0,1.0190527545609778,1.1210527356494573,0.0010479900342079,26052.29785242305,True,0.46812819214723767,-0.6790487348053518,,,syn_2000sku_seed1001,2000,1001
0,gamma4,4.0,1.0,9061.0,,,86.78449273109436,True,3.269157791297024,314050.0,134755.0,0.0,0.0,11031.0,11127.0,0.0,0.991372337557293,1.0906017044668104,0.0,26043.47316341507,True,0.6267342531416816,-0.5551783062584414,,,syn_2000sku_seed1001,2000,1001
0,tight1.02,,,9134.0,,,87.07396006584167,True,3.269157791297024,315572.0,135549.0,0.0,0.0,10470.0,11127.0,0.0,0.9409544351577244,1.035137326241275,0.0,,,1.1144078386639922,-1.147666982561133,1.02,24168.0,syn_2000sku_seed1001,2000,1001
0,gamma0,0.0,1.0,9273.0,,,147.14606642723083,True,3.2905892014955964,418649.0,180363.0,0.0,0.0,15554.0,15683.0,0.0,0.99177453293375,1.0909843338465368,0.0,36515.0,True,0.0,0.0,,,syn_2000sku_seed1002,2000,1002
0,gamma1,1.0,1.0,9352.0,,,149.69544672966003,True,3.2905892014955964,420076.0,180755.0,0.0,0.0,15875.0,15683.0,2.0,1.0122425556334884,1.1134998263992395,0.0013467210498812,36510.463011079104,True,0.3408583323977843,-0.2173394765001691,,,syn_2000sku_seed1002,2000,1002
0,gamma2,2.0,1.0,9314.0,,,131.20595932006836,True,3.2905892014955964,419428.0,180701.0,0.0,0.0,15685.0,15683.0,1.0,1.0001275266211822,1.1001728993431228,7.01417213479836e-06,36449.21300461419,True,0.18607473086045828,-0.1873998547373907,,,syn_2000sku_seed1002,2000,1002
0,gamma4,4.0,1.0,9204.0,,,85.68692350387573,True,3.2905892014955964,420637.0,181079.0,0.0,0.0,15921.0,15683.0,1.0,1.0151756679206785,1.1167263455812468,0.000834686484041,36459.125021354,True,0.4748608022472286,-0.3969772070768395,,,syn_2000sku_seed1002,2000,1002
0,tight1.02,,,9425.0,,,84.80433392524719,True,3.2905892014955964,423780.0,182647.0,0.0,0.0,14649.0,15683.0,0.0,0.9340687368488172,1.0275060760266117,0.0,,,1.2256090424197836,-1.266335113077516,1.02,33861.0,syn_2000sku_seed1002,2000,1002
0,gamma0,0.0,1.0,9427.0,,,148.74825263023376,True,3.2819626930356325,359374.0,155572.0,0.0,0.0,12460.0,12182.0,1.0,1.0228205549170908,1.125158027812895,0.0012551923424236,28362.0,True,0.0,0.0,,,syn_2000sku_seed1003,2000,1003
0,gamma1,1.0,1.0,9462.0,,,153.5097517967224,True,3.2819626930356325,358504.0,154810.0,0.0,0.0,12149.0,12182.0,0.0,0.9972910852076836,1.097074227921257,0.0,28353.03127866276,True,-0.24208763015688392,0.4898053634330085,,,syn_2000sku_seed1003,2000,1003
0,gamma2,2.0,1.0,9460.0,,,129.12849068641663,True,3.2819626930356325,360883.0,155793.0,0.0,0.0,12054.0,12182.0,0.0,0.9894926941388934,1.088495575221239,0.0,28299.93804057037,True,0.41989682058245725,-0.1420564111793896,,,syn_2000sku_seed1003,2000,1003
0,gamma4,4.0,1.0,9530.0,,,86.77376461029053,True,3.2819626930356325,360480.0,155394.0,0.0,0.0,11991.0,12182.0,0.0,0.98432112953538,1.0828065739570163,0.0,28377.32419240448,True,0.30775737810748693,0.11441647597254005,,,syn_2000sku_seed1003,2000,1003
0,tight1.02,,,9603.0,,,87.7030200958252,True,3.2819626930356325,361337.0,155801.0,0.0,0.0,11475.0,12182.0,0.0,0.9419635527827944,1.036210944554813,0.0,,,0.5462276068942105,-0.14719872470624534,1.02,26328.0,syn_2000sku_seed1003,2000,1003
0,gamma0,0.0,1.0,6057.0,,,41.05619072914124,True,3.2949174440294446,62708.0,27160.0,0.0,0.0,15702.0,15876.0,0.0,0.989040060468632,1.087983813971536,0.0,36935.0,True,0.0,0.0,,,syn_500sku_seed1001,500,1001
0,gamma1,1.0,1.0,6156.0,,,43.47105073928833,True,3.2949174440294446,63228.0,27278.0,0.0,0.0,15523.0,15876.0,0.0,0.9777651801461326,1.0755809925028754,0.0,36437.19648527087,True,0.8292402883204695,-0.43446244477172313,,,syn_500sku_seed1001,500,1001
0,gamma2,2.0,1.0,6027.0,,,41.75930976867676,True,3.2949174440294446,62757.0,27166.0,0.0,0.0,15342.0,15876.0,0.0,0.9663643235071806,1.0630395920233922,0.0,36953.46167473998,True,0.0781399502455827,-0.022091310751104567,,,syn_500sku_seed1001,500,1001
0,gamma4,4.0,1.0,6077.0,,,41.4792275428772,True,3.2949174440294446,63043.0,27112.0,0.0,0.0,15662.0,15876.0,0.0,0.9865205341395816,1.0852122337550754,0.0,37107.75113944059,True,0.534222108821841,0.17673048600883653,,,syn_500sku_seed1001,500,1001
0,tight1.02,,,6034.0,,,41.571855306625366,True,3.2949174440294446,62946.0,27148.0,0.0,0.0,14727.0,15876.0,0.0,0.9276266061980348,1.0204265461953133,0.0,,,0.37953690119283023,0.044182621502209134,1.02,34420.0,syn_500sku_seed1001,500,1001
0,gamma0,0.0,1.0,5803.0,,,40.21949172019959,True,3.2293976767985817,54304.0,23486.0,0.0,0.0,13579.0,13797.0,0.0,0.9841994636515184,1.0826303956117551,0.0,32067.0,True,0.0,0.0,,,syn_500sku_seed1002,500,1002
0,gamma1,1.0,1.0,5711.0,,,42.2574610710144,True,3.2293976767985817,53583.0,23193.0,0.0,0.0,13688.0,13797.0,0.0,0.9920997318257592,1.0913207787858976,0.0,32165.451282684706,True,-1.3277106658809663,1.2475517329472878,,,syn_500sku_seed1002,500,1002
0,gamma2,2.0,1.0,5630.0,,,42.84447002410889,True,3.2293976767985817,53929.0,23221.0,0.0,0.0,13748.0,13797.0,0.0,0.9964485032978184,1.0961044759459762,0.0,32228.9681070065,True,-0.6905568650559811,1.1283317721195605,,,syn_500sku_seed1002,500,1002
0,gamma4,4.0,1.0,5729.0,,,41.69214200973511,True,3.2293976767985817,53865.0,23297.0,0.0,0.0,13521.0,13797.0,0.0,0.979995651228528,1.0780061550236792,0.0,32096.70799762702,True,-0.8084119033588686,0.8047347355871584,,,syn_500sku_seed1002,500,1002
0,tight1.02,,,5799.0,,,42.45052266120911,True,3.2293976767985817,54712.0,23627.0,0.0,0.0,12806.0,13797.0,0.0,0.9281727911864898,1.0210004305327445,0.0,,,0.7513258691809075,-0.6003576598824831,1.02,29887.0,syn_500sku_seed1002,500,1002
0,gamma0,0.0,1.0,5854.0,,,41.58348774909973,True,3.305736642550393,50017.0,21750.0,0.0,0.0,12041.0,12154.0,0.0,0.9907026493335528,1.0897818807131867,0.0,28084.0,True,0.0,0.0,,,syn_500sku_seed1003,500,1003
0,gamma1,1.0,1.0,5845.0,,,43.45368480682373,True,3.305736642550393,50058.0,21751.0,0.0,0.0,11854.0,12154.0,0.0,0.9753167681421754,1.072857272151326,0.0,28202.14469634561,True,0.08197212947597816,-0.004597701149425287,,,syn_500sku_seed1003,500,1003
0,gamma2,2.0,1.0,5923.0,,,42.19077825546265,True,3.305736642550393,50356.0,21903.0,0.0,0.0,11928.0,12154.0,0.0,0.9814052986671056,1.0795547108335597,0.0,28042.152954939687,True,0.677769558350161,-0.7034482758620689,,,syn_500sku_seed1003,500,1003
0,gamma4,4.0,1.0,5889.0,,,41.92489385604858,True,3.305736642550393,49992.0,21679.0,0.0,0.0,11785.0,12154.0,0.0,0.9696396248148758,1.0666123631097837,0.0,27815.856640317303,True,-0.049983005778035466,0.3264367816091954,,,syn_500sku_seed1003,500,1003
0,tight1.02,,,5902.0,,,43.14458227157593,True,3.305736642550393,50082.0,21730.0,0.0,0.0,11523.0,12154.0,0.0,0.9480829356590424,1.042899809937551,0.0,,,0.12995581502289222,0.09195402298850575,1.02,26270.0,syn_500sku_seed1003,500,1003
0,gamma0,0.0,1.0,6162.0,,,42.0905065536499,True,3.432838016153376,60652.0,26302.0,0.0,0.0,15870.0,15786.0,1.0,1.005321170657545,1.1058925186754376,0.0011706990745902,36475.0,True,0.0,0.0,,,syn_500sku_seed1004,500,1004
0,gamma1,1.0,1.0,6248.0,,,43.41594314575195,True,3.432838016153376,61058.0,26580.0,0.0,0.0,15816.0,15786.0,1.0,1.0019004180919802,1.1021295573642549,0.0004181068123536,36555.21045145081,True,0.66939260040889,-1.0569538438141586,,,syn_500sku_seed1004,500,1004
0,gamma2,2.0,1.0,6169.0,,,42.47829747200012,True,3.432838016153376,60462.0,26316.0,0.0,0.0,15676.0,15786.0,0.0,0.993031800329406,1.0923737317426692,0.0,36295.40041652022,True,-0.31326254698938205,-0.053227891415101515,,,syn_500sku_seed1004,500,1004
0,gamma4,4.0,1.0,6213.0,,,41.75857353210449,True,3.432838016153376,60945.0,26447.0,0.0,0.0,15546.0,15786.0,0.0,0.9847966552641582,1.0833147508083398,0.0,36578.3737359167,True,0.48308382246257336,-0.5512888753706943,,,syn_500sku_seed1004,500,1004
0,tight1.02,,,6262.0,,,41.21155405044556,True,3.432838016153376,61643.0,26624.0,0.0,0.0,14653.0,15786.0,0.0,0.9282275433928796,1.0210865202363697,0.0,,,1.6339114950867242,-1.2242415025473348,1.02,33919.0,syn_500sku_seed1004,500,1004
0,gamma0,0.0,1.0,5617.0,,,41.47427201271057,True,3.333080302073019,58038.0,25222.0,0.0,0.0,13853.0,14122.0,0.0,0.9809517065571448,1.0790957811428927,0.0,32799.0,True,0.0,0.0,,,syn_500sku_seed1005,500,1005
0,gamma1,1.0,1.0,5646.0,,,43.87380766868591,True,3.333080302073019,57959.0,25069.0,0.0,0.0,14420.0,14122.0,1.0,1.0211018269366945,1.1232629151866391,0.0046426123262915,32747.828982257637,True,-0.13611771597918604,0.6066132741257633,,,syn_500sku_seed1005,500,1005
0,gamma2,2.0,1.0,5608.0,,,41.97407865524292,True,3.333080302073019,58178.0,25206.0,0.0,0.0,14039.0,14122.0,0.0,0.994122645517632,1.093584470617561,0.0,32359.376367882414,True,0.241221268823874,0.06343668226151772,,,syn_500sku_seed1005,500,1005
0,gamma4,4.0,1.0,5704.0,,,43.05432391166687,True,3.333080302073019,57948.0,25164.0,0.0,0.0,13921.0,14122.0,0.0,0.9857668885426992,1.0843927213809434,0.0,32798.42582663528,True,-0.15507081567249043,0.22995797319800174,,,syn_500sku_seed1005,500,1005
0,tight1.02,,,5628.0,,,42.715983390808105,True,3.333080302073019,58186.0,25290.0,0.0,0.0,13154.0,14122.0,0.0,0.9314544682056366,1.0246463513429305,0.0,,,0.2550053413280954,-0.2696058996114503,1.02,30415.0,syn_500sku_seed1005,500,1005
0,gamma0,0.0,1.0,5618.0,,,40.33685088157654,True,3.3986658809016337,44835.0,19451.0,0.0,0.0,10776.0,10907.0,0.0,0.9879893646282204,1.0868162013877682,0.0,25409.0,True,0.0,0.0,,,syn_500sku_seed1006,500,1006
0,gamma1,1.0,1.0,5627.0,,,41.94124937057495,True,3.3986658809016337,45099.0,19602.0,0.0,0.0,10794.0,10907.0,0.0,0.9896396809388466,1.0886315959335162,0.0,25456.53665923881,True,0.5888256942121111,-0.7763097013007043,,,syn_500sku_seed1006,500,1006
0,gamma2,2.0,1.0,5630.0,,,42.79544878005981,True,3.3986658809016337,44913.0,19523.0,0.0,0.0,10926.0,10907.0,1.0,1.0017420005501054,1.1019444892690011,0.0003832499596578,25441.88768771529,True,0.17397122783539645,-0.3701609171764948,,,syn_500sku_seed1006,500,1006
0,gamma4,4.0,1.0,5613.0,,,42.26105046272278,True,3.3986658809016337,44901.0,19484.0,0.0,0.0,10761.0,10907.0,0.0,0.986614101036032,1.085303372599645,0.0,25425.525278379355,True,0.14720642355302777,-0.16965708703922677,,,syn_500sku_seed1006,500,1006
0,tight1.02,,,5680.0,,,41.11938738822937,True,3.3986658809016337,45209.0,19684.0,0.0,0.0,10205.0,10907.0,0.0,0.935637663885578,1.029227852186542,0.0,,,0.8341697334671574,-1.1978818569739345,1.02,23613.0,syn_500sku_seed1006,500,1006
0,gamma0,0.0,1.0,5749.0,,,41.12280178070069,True,3.3452481746178395,59819.0,25831.0,0.0,0.0,14545.0,14714.0,0.0,0.9885143400842736,1.0873953349282297,0.0,34289.0,True,0.0,0.0,,,syn_500sku_seed1007,500,1007
0,gamma1,1.0,1.0,5759.0,,,42.99144411087036,True,3.3452481746178395,60381.0,26154.0,0.0,0.0,14866.0,14714.0,1.0,1.010330297675683,1.1113935406698563,0.0022727272727272,34398.62088396161,True,0.9395008274962805,-1.2504355232085478,,,syn_500sku_seed1007,500,1007
0,gamma2,2.0,1.0,5808.0,,,40.69761562347412,True,3.3452481746178395,60173.0,26034.0,0.0,0.0,14748.0,14714.0,1.0,1.002310724480087,1.1025717703349285,0.0005083732057416,34421.78606278751,True,0.5917852187432087,-0.7858774340908211,,,syn_500sku_seed1007,500,1007
0,gamma4,4.0,1.0,5795.0,,,42.34006381034851,True,3.3452481746178395,60378.0,25963.0,0.0,0.0,14504.0,14714.0,0.0,0.9857278782112274,1.08433014354067,0.0,34201.42143934739,True,0.9344856985238804,-0.5110138980294995,,,syn_500sku_seed1007,500,1007
0,tight1.02,,,5852.0,,,40.963881731033325,True,3.3452481746178395,60664.0,26253.0,0.0,0.0,13740.0,14714.0,0.0,0.9338045398939784,1.0272129186602872,0.0,,,1.412594660559354,-1.6336959467306724,1.02,31932.0,syn_500sku_seed1007,500,1007
0,gamma0,0.0,1.0,5953.0,,,40.04498338699341,True,3.2124205357526625,67789.0,29360.0,0.0,0.0,15960.0,16448.0,0.0,0.9703307392996108,1.0674014526290443,0.0,37711.0,True,0.0,0.0,,,syn_500sku_seed1008,500,1008
0,gamma1,1.0,1.0,5977.0,,,42.834500312805176,True,3.2124205357526625,67325.0,29217.0,0.0,0.0,15915.0,16448.0,0.0,0.9675948443579766,1.0643918620671204,0.0,37220.70733311125,True,-0.6844768325244509,0.48705722070844687,,,syn_500sku_seed1008,500,1008
0,gamma2,2.0,1.0,5961.0,,,43.26588678359985,True,3.2124205357526625,67237.0,29127.0,0.0,0.0,16324.0,16448.0,0.0,0.9924610894941636,1.0917456962854963,0.0,38325.09187209848,True,-0.8142914042101226,0.7935967302452316,,,syn_500sku_seed1008,500,1008
0,gamma4,4.0,1.0,5955.0,,,41.34317111968994,True,3.2124205357526625,67632.0,29437.0,0.0,0.0,15814.0,16448.0,0.0,0.961454280155642,1.0576370032503577,0.0,37748.02374324772,True,-0.23160099721193703,-0.2622615803814714,,,syn_500sku_seed1008,500,1008
0,tight1.02,,,5939.0,,,41.201388359069824,True,3.2124205357526625,67184.0,29181.0,0.0,0.0,15272.0,16448.0,0.0,0.928501945525292,1.0213881569267398,0.0,,,-0.8924751803389931,0.6096730245231607,1.02,35606.0,syn_500sku_seed1008,500,1008
0,gamma0,0.0,1.0,5674.0,,,40.471991300582886,True,3.270313069056248,55354.0,23824.0,0.0,0.0,13560.0,13445.0,1.0,1.0085533655634065,1.1094202542830494,0.0018817600183267,31274.0,True,0.0,0.0,,,syn_500sku_seed1009,500,1009
0,gamma1,1.0,1.0,5622.0,,,43.1212170124054,True,3.270313069056248,54930.0,23513.0,0.0,0.0,13351.0,13445.0,0.0,0.9930085533655634,1.0923207828121675,0.0,31368.046713145675,True,-0.7659789717093616,1.3054063129617193,,,syn_500sku_seed1009,500,1009
0,gamma2,2.0,1.0,5716.0,,,41.482595682144165,True,3.270313069056248,55183.0,23801.0,0.0,0.0,13584.0,13445.0,1.0,1.0103384157679434,1.1113838299543468,0.0022744751525861,31419.891757611906,True,-0.30892076453372835,0.0965413028878442,,,syn_500sku_seed1009,500,1009
0,gamma4,4.0,1.0,5650.0,,,42.38578605651856,True,3.270313069056248,55268.0,23787.0,0.0,0.0,13479.0,13445.0,1.0,1.002528821123094,1.1027931863924207,0.0005563464402009,31452.05813011948,True,-0.1553636593561441,0.1553055742108798,,,syn_500sku_seed1009,500,1009
0,tight1.02,,,5717.0,,,42.056777000427246,True,3.270313069056248,55073.0,23635.0,0.0,0.0,12829.0,13445.0,0.0,0.9541837114168836,1.0496130119614484,0.0,,,-0.5076417241753081,0.7933176628609805,1.02,29176.0,syn_500sku_seed1009,500,1009
0,gamma0,0.0,1.0,5496.0,,,40.16210389137268,True,3.2208818636603267,41345.0,17959.0,0.0,0.0,10361.0,10241.0,1.0,1.011717605702568,1.112913274184193,0.0025779286343423,24047.0,True,0.0,0.0,,,syn_500sku_seed1010,500,1010
0,gamma1,1.0,1.0,5516.0,,,43.82097434997559,True,3.2208818636603267,41603.0,17981.0,0.0,0.0,10020.0,10241.0,0.0,0.978420076164437,1.0762852048379128,0.0,24030.00535816485,True,0.6240174144394728,-0.12250125285372236,,,syn_500sku_seed1010,500,1010
0,gamma2,2.0,1.0,5454.0,,,41.41841053962708,True,3.2208818636603267,41450.0,17932.0,0.0,0.0,10194.0,10241.0,0.0,0.9954106044331608,1.0949751874368945,0.0,23981.25318543051,True,0.25396057564397145,0.1503424466841138,,,syn_500sku_seed1010,500,1010
0,gamma4,4.0,1.0,5464.0,,,41.1347451210022,True,3.2208818636603267,41579.0,17976.0,0.0,0.0,10278.0,10241.0,1.0,1.0036129284249584,1.1039979376570923,0.0007948613289222,24047.95608774679,True,0.5659692828637078,-0.09466005902333093,,,syn_500sku_seed1010,500,1010
0,tight1.02,,,5565.0,,,41.48366832733154,True,3.2208818636603267,42400.0,18345.0,0.0,0.0,9575.0,10241.0,0.0,0.934967288350747,1.0284861114094823,0.0,,,2.5516991171846657,-2.1493401637062197,1.02,22302.0,syn_500sku_seed1010,500,1010
0,gamma0,0.0,1.0,6263.0,,,1.9049246311187744,True,3.0091061788036573,6529.0,2870.0,0.0,0.0,1616.0,1644.0,0.0,0.9829683698296836,1.0815151920760273,0.0,3730.0,True,0.0,0.0,,,syn_50sku_seed1001,50,1001
0,gamma1,1.0,1.0,6257.0,,,2.336272716522217,True,3.0091061788036573,6522.0,2830.0,0.0,0.0,1645.0,1644.0,1.0,1.0006082725060828,1.100923571141748,0.0001338508901084,3776.501744037087,True,-0.10721396844846072,1.3937282229965158,,,syn_50sku_seed1001,50,1001
0,gamma2,2.0,1.0,6210.0,,,4.475522994995117,True,3.0091061788036573,6475.0,2803.0,0.0,0.0,1608.0,1644.0,0.0,0.978102189781022,1.0761611564716906,0.0,3762.2857742042233,True,-0.8270791851738398,2.3344947735191637,,,syn_50sku_seed1001,50,1001
0,gamma4,4.0,1.0,6283.0,,,4.589106559753418,True,3.0091061788036573,6532.0,2826.0,0.0,0.0,1559.0,1644.0,0.0,0.9482968369829684,1.043367688395128,0.0,3736.06940012413,True,0.04594884362076888,1.5331010452961673,,,syn_50sku_seed1001,50,1001
0,tight1.02,,,6274.0,,,4.101453304290772,True,3.0091061788036573,6531.0,2831.0,0.0,0.0,1553.0,1644.0,0.0,0.944647201946472,1.0393521616918753,0.0,,,0.030632562413845918,1.3588850174216027,1.02,3507.0,syn_50sku_seed1001,50,1001
0,gamma0,0.0,1.0,4140.0,,,1.7371442317962646,True,3.5607878368144954,4140.0,1825.0,0.0,0.0,1173.0,1121.0,1.0,1.0463871543264942,1.1511285574092247,0.0102060843964671,2606.0,True,0.0,0.0,,,syn_50sku_seed1002,50,1002
0,gamma1,1.0,1.0,4211.0,,,3.745168209075928,True,3.5607878368144954,4211.0,1865.0,0.0,0.0,1075.0,1121.0,0.0,0.9589652096342552,1.0549558390579,0.0,2536.1638705926625,True,1.714975845410628,-2.191780821917808,,,syn_50sku_seed1002,50,1002
0,gamma2,2.0,1.0,4288.0,,,4.081425189971924,True,3.5607878368144954,4288.0,1895.0,0.0,0.0,1095.0,1121.0,0.0,0.9768064228367528,1.0745829244357212,0.0,2592.9838272998613,True,3.57487922705314,-3.835616438356164,,,syn_50sku_seed1002,50,1002
0,gamma4,4.0,1.0,4313.0,,,4.627500295639038,True,3.5607878368144954,4313.0,1895.0,0.0,0.0,1086.0,1121.0,0.0,0.9687778768956288,1.0657507360157017,0.0,2594.1896516440447,True,4.178743961352657,-3.835616438356164,,,syn_50sku_seed1002,50,1002
0,tight1.02,,,4484.0,,,3.9641292095184326,True,3.5607878368144954,4484.0,1932.0,0.0,0.0,1092.0,1121.0,0.0,0.9741302408563782,1.0716388616290482,0.0,,,8.309178743961352,-5.863013698630137,1.02,2417.0,syn_50sku_seed1002,50,1002
0,gamma0,0.0,1.0,4723.0,,,2.075526475906372,True,2.8000491552355293,4723.0,2023.0,0.0,0.0,1153.0,1150.0,1.0,1.0026086956521738,1.1037717786712615,0.0005743825387708,2696.0,True,0.0,0.0,,,syn_50sku_seed1003,50,1003
0,gamma1,1.0,1.0,4674.0,,,3.911720514297485,True,2.8000491552355293,4674.0,1976.0,0.0,0.0,1218.0,1150.0,1.0,1.0591304347826087,1.1659965537047674,0.0130193375454719,2670.8828204897227,True,-1.0374761803938175,2.323282254078102,,,syn_50sku_seed1003,50,1003
0,gamma2,2.0,1.0,4697.0,,,4.412406921386719,True,2.8000491552355293,4697.0,2041.0,0.0,0.0,1181.0,1150.0,1.0,1.0269565217391303,1.1305762971472335,0.0059352862339651,2718.378117286749,True,-0.5504975651069236,-0.8897676717745922,,,syn_50sku_seed1003,50,1003
0,gamma4,4.0,1.0,4707.0,,,4.85572624206543,True,2.8000491552355293,4707.0,2020.0,0.0,0.0,1090.0,1150.0,0.0,0.9478260869565216,1.0434616121003255,0.0,2720.7457512254355,True,-0.33876773237349145,0.14829461196243204,,,syn_50sku_seed1003,50,1003
0,tight1.02,,,4867.0,,,4.915044069290161,True,2.8000491552355293,4867.0,2067.0,0.0,0.0,1102.0,1150.0,0.0,0.9582608695652174,1.054949262875742,0.0,,,3.048909591361423,-2.1749876421156698,1.02,2524.0,syn_50sku_seed1003,50,1003
0,gamma0,0.0,1.0,4856.0,,,2.6102564334869385,True,3.82240703478484,4856.0,2147.0,0.0,0.0,1247.0,1272.0,0.0,0.9803459119496856,1.078719723183391,0.0,2868.0,True,0.0,0.0,,,syn_50sku_seed1004,50,1004
0,gamma1,1.0,1.0,4871.0,,,3.90362811088562,True,3.82240703478484,4871.0,2146.0,0.0,0.0,1274.0,1272.0,1.0,1.001572327044025,1.102076124567474,0.0003460207612456,2980.474128995861,True,0.3088962108731466,0.04657661853749418,,,syn_50sku_seed1004,50,1004
0,gamma2,2.0,1.0,4911.0,,,4.346649646759033,True,3.82240703478484,4911.0,2174.0,0.0,0.0,1251.0,1272.0,0.0,0.983490566037736,1.0821799307958475,0.0,2983.2342819703576,True,1.1326194398682043,-1.2575687005123428,,,syn_50sku_seed1004,50,1004
0,gamma4,4.0,1.0,5412.0,,,4.414113998413086,True,3.82240703478484,5412.0,2364.0,0.0,0.0,1239.0,1272.0,0.0,0.9740566037735848,1.0717993079584776,0.0,2994.0259306906837,True,11.449752883031302,-10.107126222636236,,,syn_50sku_seed1004,50,1004
0,tight1.02,,,inf,1360.0,,200.22310400009155,False,3.82240703478484,,,,,,,,,,,,,,,1.02,2778.0,syn_50sku_seed1004,50,1004
0,gamma0,0.0,1.0,5050.0,,,2.5495030879974365,True,3.318748739514171,5050.0,2187.0,0.0,0.0,1216.0,1258.0,0.0,0.9666136724960256,1.0634948399510231,0.0,2890.0,True,0.0,0.0,,,syn_50sku_seed1005,50,1005
0,gamma1,1.0,1.0,5078.0,,,4.017720937728882,True,3.318748739514171,5078.0,2222.0,0.0,0.0,1249.0,1258.0,0.0,0.992845786963434,1.092356130837852,0.0,2899.393103785096,True,0.5544554455445545,-1.6003657978966621,,,syn_50sku_seed1005,50,1005
0,gamma2,2.0,1.0,5078.0,,,4.736855030059815,True,3.318748739514171,5078.0,2202.0,0.0,0.0,1257.0,1258.0,0.0,0.9992050874403816,1.0993528074164771,0.0,2887.528729096371,True,0.5544554455445545,-0.6858710562414266,,,syn_50sku_seed1005,50,1005
0,gamma4,4.0,1.0,5074.0,,,4.041495084762573,True,3.318748739514171,5074.0,2179.0,0.0,0.0,1175.0,1258.0,0.0,0.9340222575516692,1.0276368724855691,0.0,2904.772596194338,True,0.4752475247524752,0.36579789666209417,,,syn_50sku_seed1005,50,1005
0,tight1.02,,,5054.0,,,4.6464524269104,True,3.318748739514171,5054.0,2177.0,0.0,0.0,1167.0,1258.0,0.0,0.9276629570747218,1.0206401959069442,0.0,,,0.07920792079207921,0.45724737082761774,1.02,2695.0,syn_50sku_seed1005,50,1005
0,gamma0,0.0,1.0,4892.0,,,2.164731025695801,True,3.582350330077527,4892.0,2114.0,0.0,0.0,1183.0,1196.0,0.0,0.9891304347826086,1.088917525773196,0.0,2761.0,True,0.0,0.0,,,syn_50sku_seed1006,50,1006
0,gamma1,1.0,1.0,4893.0,,,4.39986515045166,True,3.582350330077527,4893.0,2115.0,0.0,0.0,1169.0,1196.0,0.0,0.9774247491638796,1.0760309278350515,0.0,2765.1542268503854,True,0.02044153720359771,-0.04730368968779565,,,syn_50sku_seed1006,50,1006
0,gamma2,2.0,1.0,4942.0,,,3.239917755126953,True,3.582350330077527,4942.0,2130.0,0.0,0.0,1209.0,1196.0,1.0,1.0108695652173914,1.1128497790868923,0.0023932253313696,2754.8999217021187,True,1.0220768601798855,-0.7568590350047304,,,syn_50sku_seed1006,50,1006
0,gamma4,4.0,1.0,4962.0,,,4.0897369384765625,True,3.582350330077527,4962.0,2169.0,0.0,0.0,1103.0,1196.0,0.0,0.9222408026755852,1.015279823269514,0.0,2779.6805978242187,True,1.4309076042518398,-2.601702932828761,,,syn_50sku_seed1006,50,1006
0,tight1.02,,,5037.0,,,4.01376748085022,True,3.582350330077527,5037.0,2163.0,0.0,0.0,1170.0,1196.0,0.0,0.9782608695652174,1.0769513991163475,0.0,,,2.9640228945216682,-2.3178807947019866,1.02,2579.0,syn_50sku_seed1006,50,1006
0,gamma0,0.0,1.0,5927.0,,,2.343721628189087,True,2.940926620126299,6271.0,2729.0,0.0,0.0,1598.0,1601.0,0.0,0.9981261711430356,1.0982817869415809,0.0,3673.0,True,0.0,0.0,,,syn_50sku_seed1007,50,1007
0,gamma1,1.0,1.0,5970.0,,,4.463207006454468,True,2.940926620126299,6302.0,2725.0,0.0,0.0,1541.0,1601.0,0.0,0.962523422860712,1.059106529209622,0.0,3693.842403363856,True,0.49433902088981024,0.14657383657017223,,,syn_50sku_seed1007,50,1007
0,gamma2,2.0,1.0,5954.0,,,4.195682525634766,True,2.940926620126299,6286.0,2743.0,0.0,0.0,1552.0,1601.0,0.0,0.9693941286695816,1.0666666666666669,0.0,3711.794518632234,True,0.23919630043055334,-0.5130084279956028,,,syn_50sku_seed1007,50,1007
0,gamma4,4.0,1.0,6047.0,,,3.794179916381836,True,2.940926620126299,6379.0,2753.0,0.0,0.0,1541.0,1601.0,0.0,0.962523422860712,1.059106529209622,0.0,3698.812294385486,True,1.722213363099984,-0.8794430194210333,,,syn_50sku_seed1007,50,1007
0,tight1.02,,,6057.0,,,5.004544019699097,True,2.940926620126299,6385.0,2756.0,0.0,0.0,1478.0,1601.0,0.0,0.9231730168644596,1.015807560137457,0.0,,,1.8178918832722053,-0.9893733968486625,1.02,3447.0,syn_50sku_seed1007,50,1007
0,gamma0,0.0,1.0,5608.0,,,2.371201515197754,True,3.288423095141699,5608.0,2433.0,0.0,0.0,1311.0,1387.0,0.0,0.9452054794520548,1.0398159898477155,0.0,3072.0,True,0.0,0.0,,,syn_50sku_seed1008,50,1008
0,gamma1,1.0,1.0,5641.0,,,4.837405681610107,True,3.288423095141699,5641.0,2474.0,0.0,0.0,1320.0,1387.0,0.0,0.9516943042537852,1.046954314720812,0.0,3149.481137987692,True,0.5884450784593438,-1.6851623510069873,,,syn_50sku_seed1008,50,1008
0,gamma2,2.0,1.0,5646.0,,,4.344829559326172,True,3.288423095141699,5646.0,2486.0,0.0,0.0,1370.0,1387.0,0.0,0.9877433309300648,1.0866116751269037,0.0,3176.5343507398225,True,0.6776034236804565,-2.1783806000822032,,,syn_50sku_seed1008,50,1008
0,gamma4,4.0,1.0,5706.0,,,4.831015110015869,True,3.288423095141699,5706.0,2487.0,0.0,0.0,1348.0,1387.0,0.0,0.9718817591925016,1.0691624365482233,0.0,3194.436743368686,True,1.7475035663338088,-2.219482120838471,,,syn_50sku_seed1008,50,1008
0,tight1.02,,,5649.0,,,4.579877138137817,True,3.288423095141699,5649.0,2492.0,0.0,0.0,1301.0,1387.0,0.0,0.9379956741167988,1.0318845177664977,0.0,,,0.7310984308131241,-2.424989724619811,1.02,2966.0,syn_50sku_seed1008,50,1008
0,gamma0,0.0,1.0,5450.0,,,2.208127737045288,True,3.2882729037679765,5450.0,2392.0,0.0,0.0,1348.0,1326.0,2.0,1.0165912518853697,1.1184865582475938,0.0038167938931297,3093.0,True,0.0,0.0,,,syn_50sku_seed1009,50,1009
0,gamma1,1.0,1.0,5424.0,,,3.898595809936523,True,3.2882729037679765,5424.0,2350.0,0.0,0.0,1235.0,1326.0,0.0,0.931372549019608,1.024726186525058,0.0,3049.017439868365,True,-0.47706422018348627,1.7558528428093645,,,syn_50sku_seed1009,50,1009
0,gamma2,2.0,1.0,5421.0,,,4.714327812194824,True,3.2882729037679765,5421.0,2360.0,0.0,0.0,1327.0,1326.0,1.0,1.0007541478129711,1.1010620643876536,0.0001659475605708,3107.6576433031214,True,-0.5321100917431193,1.3377926421404682,,,syn_50sku_seed1009,50,1009
0,gamma4,4.0,1.0,5555.0,,,4.448862314224243,True,3.2882729037679765,5555.0,2401.0,0.0,0.0,1241.0,1326.0,0.0,0.935897435897436,1.029704613342184,0.0,3100.564167665525,True,1.926605504587156,-0.3762541806020067,,,syn_50sku_seed1009,50,1009
0,tight1.02,,,5548.0,,,4.418436050415039,True,3.2882729037679765,5548.0,2399.0,0.0,0.0,1303.0,1326.0,0.0,0.9826546003016592,1.0811483571191502,0.0,,,1.798165137614679,-0.29264214046822745,1.02,2888.0,syn_50sku_seed1009,50,1009
0,gamma0,0.0,1.0,5627.0,,,2.2117695808410645,True,3.130560741562641,5627.0,2471.0,0.0,0.0,1454.0,1416.0,2.0,1.0268361581920904,1.1297591297591296,0.0079254079254079,3263.0,True,0.0,0.0,,,syn_50sku_seed1010,50,1010
0,gamma1,1.0,1.0,5621.0,,,4.8442702293396,True,3.130560741562641,5621.0,2472.0,0.0,0.0,1419.0,1416.0,1.0,1.0021186440677967,1.1025641025641026,0.0004662004662004,3251.621994801607,True,-0.10662875422072152,-0.04046944556859571,,,syn_50sku_seed1010,50,1010
0,gamma2,2.0,1.0,5592.0,,,4.578536987304688,True,3.130560741562641,5592.0,2507.0,0.0,0.0,1416.0,1416.0,0.0,1.0,1.1002331002331005,0.0,3282.6640706993867,True,-0.6220010662875423,-1.4569000404694457,,,syn_50sku_seed1010,50,1010
0,gamma4,4.0,1.0,5752.0,,,3.660773277282715,True,3.130560741562641,5752.0,2535.0,0.0,0.0,1337.0,1416.0,0.0,0.9442090395480226,1.0388500388500388,0.0,3276.3585277375714,True,2.221432379598365,-2.5900445163901256,,,syn_50sku_seed1010,50,1010
0,tight1.02,,,5716.0,,,4.480381488800049,True,3.130560741562641,5716.0,2518.0,0.0,0.0,1370.0,1416.0,0.0,0.9675141242937854,1.0644910644910646,0.0,,,1.5816598542740359,-1.9020639417239984,1.02,3044.0,syn_50sku_seed1010,50,1010
0,gamma0,0.0,1.0,4380.0,,,2.1388862133026123,True,2.8548099882057616,4380.0,1969.0,0.0,0.0,1144.0,1124.0,2.0,1.01779359430605,1.1198120595144871,0.0078308535630383,2529.0,True,0.0,0.0,,,syn_50sku_seed1011,50,1011
0,gamma1,1.0,1.0,4425.0,,,3.977092742919922,True,2.8548099882057616,4425.0,1960.0,0.0,0.0,1155.0,1124.0,1.0,1.0275800711743772,1.1305794831636649,0.0060689115113547,2525.284486531646,True,1.0273972602739727,0.4570848146267141,,,syn_50sku_seed1011,50,1011
0,gamma2,2.0,1.0,4446.0,,,3.561128616333008,True,2.8548099882057616,4446.0,2002.0,0.0,0.0,1086.0,1124.0,0.0,0.9661921708185054,1.063038371182459,0.0,2498.8076161406443,True,1.5068493150684932,-1.675977653631285,,,syn_50sku_seed1011,50,1011
0,gamma4,4.0,1.0,4447.0,,,3.469355583190918,True,2.8548099882057616,4447.0,1993.0,0.0,0.0,1097.0,1124.0,0.0,0.9759786476868328,1.0738057948316366,0.0,2529.5306307790024,True,1.5296803652968036,-1.2188928390045708,,,syn_50sku_seed1011,50,1011
0,tight1.02,,,4503.0,,,4.1704418659210205,True,2.8548099882057616,4503.0,1998.0,0.0,0.0,1108.0,1124.0,0.0,0.9857651245551602,1.0845732184808146,0.0,,,2.808219178082192,-1.472828847130523,1.02,2351.0,syn_50sku_seed1011,50,1011
0,gamma0,0.0,1.0,6752.0,,,2.54543399810791,True,2.981698559992195,6752.0,2989.0,0.0,0.0,1593.0,1627.0,0.0,0.9791026429010448,1.077079107505071,0.0,3741.0,True,0.0,0.0,,,syn_50sku_seed1012,50,1012
0,gamma1,1.0,1.0,6652.0,,,4.770137786865234,True,2.981698559992195,6652.0,2967.0,0.0,0.0,1603.0,1627.0,0.0,0.9852489244007376,1.083840432724814,0.0,3792.658457309391,True,-1.481042654028436,0.7360321177651389,,,syn_50sku_seed1012,50,1012
0,gamma2,2.0,1.0,6750.0,,,4.012881517410278,True,2.981698559992195,6750.0,2979.0,0.0,0.0,1586.0,1627.0,0.0,0.97480024585126,1.0723461798512508,0.0,3840.733263281511,True,-0.02962085308056872,0.33456005352960855,,,syn_50sku_seed1012,50,1012
0,gamma4,4.0,1.0,6824.0,,,4.252300024032593,True,2.981698559992195,6824.0,3002.0,0.0,0.0,1574.0,1627.0,0.0,0.9674247080516288,1.064232589587559,0.0,3841.502885960659,True,1.066350710900474,-0.4349280695884911,,,syn_50sku_seed1012,50,1012
0,tight1.02,,,7218.0,,,4.626282215118408,True,2.981698559992195,7218.0,3136.0,0.0,0.0,1576.0,1627.0,0.0,0.9686539643515673,1.0655848546315076,0.0,,,6.901658767772512,-4.918032786885246,1.02,3563.0,syn_50sku_seed1012,50,1012
